Latitude,Longitude,Neighborhood,Full Address,ZIP Code
40.73343119,-73.97607806,Peter Cooper Village,"530 E 20th St, New York, NY 10009, USA",10009
40.79749876,-73.96829844,Bloomingdale,"842 Amsterdam Ave, New York, NY 10025, USA",10025
40.76509972,-73.98579772,Hell's Kitchen,"354 W 54th St, New York, NY 10019, USA",10019
40.79179898,-73.94470003,East Harlem,"1924 3rd Ave, New York, NY 10029, USA",10029
40.76142477,-73.98404905,Theater District,"50 St, New York, NY 10019, USA",10019
40.71615079,-73.99143906,Lower East Side,"81 Hester St, New York, NY 10002, USA",10002
40.80110152,-73.93709803,East Harlem,"207 E 121st St, New York, NY 10035, USA",10035
40.77320707,-73.95668745,Upper East Side,"225 E 78th St, New York, NY 10075, USA",10075
40.81159925,-73.95500009,West Harlem,"430 Martin Luther King Blvd, New York, NY 10027, USA",10027
40.74839972,-73.99249789,Midtown South,"35509 7th Ave, New York, NY 10001, USA",10001
40.82460081,-73.95069718,Hamilton Heights,"530 W 143rd St, New York, NY 10031, USA",10031
40.81159925,-73.95500009,West Harlem,"430 Martin Luther King Blvd, New York, NY 10027, USA",10027
40.79749876,-73.96829844,Bloomingdale,"842 Amsterdam Ave, New York, NY 10025, USA",10025
40.83819939,-73.94200255,Washington Heights,"Broadway/W 164 St, New York, NY 10032, USA",10032
40.83819939,-73.94200255,Washington Heights,"Broadway/W 164 St, New York, NY 10032, USA",10032
40.74020012,-73.99960142,Chelsea,"212 W 16th St, New York, NY 10011, USA",10011
40.79749876,-73.96829844,Bloomingdale,"842 Amsterdam Ave, New York, NY 10025, USA",10025
40.74520605,-74.0022651,Chelsea,"386 W 21st St, New York, NY 10011, USA",10011
40.72550146,-73.99829679,SoHo,"163 Mercer St, New York, NY 10012, USA",10012
40.75285274,-73.99297287,Garment District,"491 8th Ave, New York, NY 10001, USA",10001
40.74839972,-73.9966971,Chelsea,"357A 8th Ave, New York, NY 10001, USA",10001
40.74430135,-73.97810003,Kips Bay,"209 E 32nd St, New York, NY 10016, USA",10016
40.84691523,-73.94015819,Hudson Heights,"353 Fort Washington Ave, New York, NY 10033, USA",10033
40.82368866,-73.95336086,Hamilton Heights,"603-611 W 140th St, New York, NY 10031, USA",10031
40.79855701,-73.94196129,East Harlem,"128 E 116th St, New York, NY 10029, USA",10029
40.73539873,-73.9968008,Greenwich Village,"60 W 12th St, New York, NY 10011, USA",10011
40.79179898,-73.94470003,East Harlem,"1924 3rd Ave, New York, NY 10029, USA",10029
40.79749876,-73.96829844,Bloomingdale,"842 Amsterdam Ave, New York, NY 10025, USA",10025
40.80110152,-73.93709803,East Harlem,"207 E 121st St, New York, NY 10035, USA",10035
40.77640016,-73.98269687,Lincoln Square,"199 Amsterdam Ave, New York, NY 10023, USA",10023
40.8082251,-73.96651597,Morningside Heights,"425 Riverside Dr, New York, NY 10025, USA",10025
40.72700089,-74.18099757,South Broad Street,"33 Spruce St, Newark, NJ 07102, USA",07102
40.75169881,-73.97070257,Midtown East,"844 2nd Ave Store # 3, New York, NY 10017, USA",10017
40.81159925,-73.95500009,West Harlem,"430 Martin Luther King Blvd, New York, NY 10027, USA",10027
40.77640016,-73.98269687,Lincoln Square,"199 Amsterdam Ave, New York, NY 10023, USA",10023
40.8063332,-73.95579937,Central Harlem,"333 W 118th St, New York, NY 10026, USA",10026
40.73530305,-74.00492878,West Village,"Channel Gardens, 620 5th Ave, New York, NY 10020, USA",10020
40.74839972,-73.9966971,Chelsea,"357A 8th Ave, New York, NY 10001, USA",10001
40.74839972,-73.9966971,Chelsea,"357A 8th Ave, New York, NY 10001, USA",10001
40.72461681,-73.99163731,Bowery,"11 E 1st St, New York, NY 10003, USA",10003
40.77640016,-73.98269687,Lincoln Square,"199 Amsterdam Ave, New York, NY 10023, USA",10023
40.73787448,-73.98294611,Gramercy Park,"215 1/2 E 22nd St, New York, NY 10010, USA",10010
40.72743462,-73.9732912,Lower Manhattan,"1107 E 14th St, New York, NY 10009, USA",10009
40.73131411,-73.98251238,Ukrainian Village,"1 Av, E 14 St, Avenue A, New York, NY 10009, USA",10009
40.83819939,-73.94200255,Washington Heights,"Broadway/W 164 St, New York, NY 10032, USA",10032
40.73069589,-73.97852345,Stuyvesant Town-Peter Cooper Village,"523 E 14th St # 11A, New York, NY 10009, USA",10009
40.79749876,-73.96829844,Bloomingdale,"842 Amsterdam Ave, New York, NY 10025, USA",10025
40.74775113,-73.98085252,Murray Hill,"Park Avenue Malls, 36 Park Ave, New York, NY 10016, USA",10016
40.78509824,-73.9762998,Central Park West Historic District,"159 W 82nd St, New York, NY 10024, USA",10024
40.76791695,-73.98571579,Hell's Kitchen,"W 57 St/9 Av, New York, NY 10019, USA",10019
40.81829999,-73.9425967,Strivers' Row,"213 W 139th St, New York, NY 10030, USA",10030
40.74360177,-73.92160066,Sunnyside,"44-37 43rd St, Sunnyside, NY 11104, USA",11104
40.83819939,-73.94200255,Washington Heights,"Broadway/W 164 St, New York, NY 10032, USA",10032
40.84959896,-73.93560261,Washington Heights,"140 Wadsworth Ave, New York, NY 10033, USA",10033
40.73922666,-73.98202021,Kips Bay,"214 E 24th St, New York, NY 10010, USA",10010
40.79179898,-73.94470003,East Harlem,"1924 3rd Ave, New York, NY 10029, USA",10029
40.81159925,-73.95500009,West Harlem,"430 Martin Luther King Blvd, New York, NY 10027, USA",10027
40.82460081,-73.95069718,Hamilton Heights,"530 W 143rd St, New York, NY 10031, USA",10031
40.82460081,-73.95069718,Hamilton Heights,"530 W 143rd St, New York, NY 10031, USA",10031
40.79179898,-73.94470003,East Harlem,"1924 3rd Ave, New York, NY 10029, USA",10029
40.77640016,-73.98269687,Lincoln Square,"199 Amsterdam Ave, New York, NY 10023, USA",10023
40.79179898,-73.94470003,East Harlem,"1924 3rd Ave, New York, NY 10029, USA",10029
40.73130036,-73.9891988,East Village,"60 3rd Ave, New York, NY 10003, USA",10003
40.75970188,-73.99180117,Hell's Kitchen,"9 Avenue & West 44 St, New York, NY 10036, USA",10036
40.72644741,-73.97890561,Alphabet City,"357 E 10th St, New York, NY 10009, USA",10009
40.81829999,-73.9425967,Strivers' Row,"213 W 139th St, New York, NY 10030, USA",10030
40.82657465,-73.95253466,Hamilton Heights,"Riverside Dr/W 144 St, New York, NY 10031, USA",10031
40.75970188,-73.99180117,Hell's Kitchen,"9 Avenue & West 44 St, New York, NY 10036, USA",10036
40.82460081,-73.95069718,Hamilton Heights,"530 W 143rd St, New York, NY 10031, USA",10031
40.85830104,-73.92959858,Fort George,"37 Hillside Ave, New York, NY 10040, USA",10040
40.79749876,-73.96829844,Bloomingdale,"842 Amsterdam Ave, New York, NY 10025, USA",10025
40.76850079,-73.95879766,Lenox Hill,"1357 2nd Ave, New York, NY 10021, USA",10021
40.76509972,-73.96379729,Lenox Hill,"200-210 E 65th St, New York, NY 10021, USA",10021
40.75970188,-73.99180117,Hell's Kitchen,"9 Avenue & West 44 St, New York, NY 10036, USA",10036
40.82009622,-73.95507515,Hamilton Heights,"W 135 St/Broadway, New York, NY 10031, USA",10031
40.79417904,-73.94486447,East Harlem,"East 109th Street and, Lexington Ave in, New York, NY 10029, USA",10029
40.83028341,-73.94782838,Hamilton Heights,"3661 Broadway, New York, NY 10031, USA",10031
40.78160147,-73.95109997,Yorkville,"Ruppert Yorkville Towers Condominium, 1619 3rd Ave, New York, NY 10128, USA",10128
40.80649363,-73.95579937,Central Harlem,"207 W 118th St, New York, NY 10026, USA",10026
40.7152014,-73.98770166,Lower East Side,"200 E Broadway, New York, NY 10002, USA",10002
40.79749876,-73.96829844,Bloomingdale,"842 Amsterdam Ave, New York, NY 10025, USA",10025
40.83819939,-73.94200255,Washington Heights,"Broadway/W 164 St, New York, NY 10032, USA",10032
40.81159925,-73.95500009,West Harlem,"430 Martin Luther King Blvd, New York, NY 10027, USA",10027
40.81680056,-73.94819736,West Harlem,"135 St, New York, NY 10032, USA",10032
40.79749876,-73.96829844,Bloomingdale,"842 Amsterdam Ave, New York, NY 10025, USA",10025
40.79859483,-73.93351933,East Harlem,"2339 1st Ave, New York, NY 10035, USA",10035
40.87290058,-73.82780174,East Bronx,"15B Broun Pl, Bronx, NY 10475, USA",10475
40.79749876,-73.96829844,Bloomingdale,"842 Amsterdam Ave, New York, NY 10025, USA",10025
40.81853548,-73.94735053,West Harlem,"135 St, New York, NY 10032, USA",10032
40.75970188,-73.99180117,Hell's Kitchen,"9 Avenue & West 44 St, New York, NY 10036, USA",10036
40.82649959,-73.93830066,Central Harlem,"40 Macombs Pl, New York, NY 10039, USA",10039
40.86619984,-73.92209799,Inwood,"103 Vermilyea Ave, New York, NY 10034, USA",10034
40.86536332,-73.92438982,Inwood,"624 Academy St, New York, NY 10034, USA",10034
40.79179898,-73.94470003,East Harlem,"1924 3rd Ave, New York, NY 10029, USA",10029
40.72620161,-73.97960233,Alphabet City,"605 E 9th St, New York, NY 10009, USA",10009
40.69683867,-73.95610647,Bedford-Stuyvesant,"515 Park Ave, Brooklyn, NY 11205, USA",11205
40.74430135,-73.97810003,Kips Bay,"209 E 32nd St, New York, NY 10016, USA",10016
40.83819939,-73.94200255,Washington Heights,"Broadway/W 164 St, New York, NY 10032, USA",10032
40.71850049,-74.00249715,Chinatown,"73 Walker St, New York, NY 10013, USA",10013
40.72909448,-73.98333171,Ukrainian Village,"406 E 11th St, New York, NY 10009, USA",10009
40.77640016,-73.98269687,Lincoln Square,"199 Amsterdam Ave, New York, NY 10023, USA",10023
40.85556861,-73.93795231,Hudson Heights,"The Paterno Trivium, Cabrini Blvd, New York, NY 10040, USA",10040
40.82460081,-73.95069718,Hamilton Heights,"530 W 143rd St, New York, NY 10031, USA",10031
40.83819939,-73.94200255,Washington Heights,"Broadway/W 164 St, New York, NY 10032, USA",10032
40.78193952,-73.98324978,Upper West Side,"301 W 75th St, New York, NY 10023, USA",10023
40.81159925,-73.95500009,West Harlem,"430 Martin Luther King Blvd, New York, NY 10027, USA",10027
40.71772871,-73.9912752,Lower East Side,"73 Allen St, New York, NY 10002, USA",10002
40.82649959,-73.93830066,Central Harlem,"40 Macombs Pl, New York, NY 10039, USA",10039
40.82460081,-73.95069718,Hamilton Heights,"530 W 143rd St, New York, NY 10031, USA",10031
40.72550146,-73.99829679,SoHo,"163 Mercer St, New York, NY 10012, USA",10012
40.72550146,-73.99829679,SoHo,"163 Mercer St, New York, NY 10012, USA",10012
40.85830104,-73.92959858,Fort George,"37 Hillside Ave, New York, NY 10040, USA",10040
40.77502392,-74.02631901,,"412 38th St, Union City, NJ 07087, USA",07087
40.77502392,-74.02631901,,"412 38th St, Union City, NJ 07087, USA",07087
40.74839972,-73.9966971,Chelsea,"357A 8th Ave, New York, NY 10001, USA",10001
40.7338993,-74.00540033,West Village,"232 W 10th St, New York, NY 10014, USA",10014
40.83819939,-73.94200255,Washington Heights,"Broadway/W 164 St, New York, NY 10032, USA",10032
40.73143329,-73.99712911,Greenwich Village,"14 Washington Square N, New York, NY 10011, USA",10011
40.85118032,-73.9392363,Hudson Heights,"817W W 181st St, New York, NY 10033, USA",10033
40.79749876,-73.96829844,Bloomingdale,"842 Amsterdam Ave, New York, NY 10025, USA",10025
40.79749876,-73.96829844,Bloomingdale,"842 Amsterdam Ave, New York, NY 10025, USA",10025
40.84614001,-73.9342298,Washington Heights,"228 Audubon Ave, New York, NY 10033, USA",10033
40.82264416,-73.95321762,Hamilton Heights,"3421 Broadway # 1, New York, NY 10031, USA",10031
40.79179898,-73.94470003,East Harlem,"1924 3rd Ave, New York, NY 10029, USA",10029
40.80110152,-73.93709803,East Harlem,"207 E 121st St, New York, NY 10035, USA",10035
40.73289548,-73.97495106,Stuyvesant Town-Peter Cooper Village,"Av C/E 20 St, New York, NY 10010, USA",10010
40.80708836,-73.94176992,East Harlem,"68 E 126th St, New York, NY 10035, USA",10035
40.76509972,-73.98579772,Hell's Kitchen,"354 W 54th St, New York, NY 10019, USA",10019
40.86379227,-73.91941483,Inwood,"207 St, New York, NY 10034, USA",10034
40.79039867,-73.94775332,East Harlem,"103 St, New York, NY 10029, USA",10029
40.76509972,-73.96379729,Lenox Hill,"200-210 E 65th St, New York, NY 10021, USA",10021
40.71563169,-73.99848816,Chinatown,"50 Mott St, New York, NY 10013, USA",10013
40.74020012,-73.99960142,Chelsea,"212 W 16th St, New York, NY 10011, USA",10011
40.74430135,-73.97810003,Kips Bay,"209 E 32nd St, New York, NY 10016, USA",10016
40.74569478,-73.98777156,NoMad,"10 W 29th St, New York, NY 10001, USA",10001
40.78639942,-73.97639892,Central Park West Historic District,"494 Amsterdam Ave, New York, NY 10024, USA",10024
40.82725361,-73.94706348,Hamilton Heights,"506-508 W 148th St, New York, NY 10031, USA",10031
40.73154616,-73.87492294,Elmhurst,"86-05 58th Ave, Elmhurst, NY 11373, USA",11373
40.81159925,-73.95500009,West Harlem,"430 Martin Luther King Blvd, New York, NY 10027, USA",10027
40.89039928,-73.85030008,East Bronx,"949 E 232nd St, Bronx, NY 10466, USA",10466
40.72620161,-73.97960233,Alphabet City,"605 E 9th St, New York, NY 10009, USA",10009
40.8019008,-73.95310131,Central Harlem,"1883 Adam Clayton Powell Jr Blvd, New York, NY 10026, USA",10026
40.86710167,-73.9200978,Inwood,"150 Vermilyea Ave, New York, NY 10034, USA",10034
40.72841839,-73.98854333,Ukrainian Village,"41-43 E 7th St, New York, NY 10003, USA",10003
40.76509972,-73.98579772,Hell's Kitchen,"354 W 54th St, New York, NY 10019, USA",10019
40.74809949,-73.71140136,Glen Oaks,"260-37 Union Tpke, Glen Oaks, NY 11004, USA",11004
40.74809949,-73.71140136,Glen Oaks,"260-37 Union Tpke, Glen Oaks, NY 11004, USA",11004
40.74839972,-73.9966971,Chelsea,"357A 8th Ave, New York, NY 10001, USA",10001
40.79749876,-73.96829844,Bloomingdale,"842 Amsterdam Ave, New York, NY 10025, USA",10025
40.75449885,-73.59679089,,"9 Poplar St, Westbury, NY 11590, USA",11590
40.73187389,-74.00878135,West Village,"635 Washington St, New York, NY 10014, USA",10014
40.72550146,-73.99829679,SoHo,"163 Mercer St, New York, NY 10012, USA",10012
40.72899879,-73.99910352,South Village,"218 Thompson St, New York, NY 10012, USA",10012
40.7152014,-73.98770166,Lower East Side,"200 E Broadway, New York, NY 10002, USA",10002
40.77692958,-73.95161219,Yorkville,"311 E 85th St, New York, NY 10028, USA",10028
40.77692958,-73.95161219,Yorkville,"311 E 85th St, New York, NY 10028, USA",10028
40.72407078,-73.9910019,Bowery,"7 1/2 2nd Ave, New York, NY 10003, USA",10003
40.84813391,-73.94691337,Manhattan,"12TH Bond St, New York, NY 10032, USA",10032
40.7783465,-73.94684977,Yorkville,"427A E 89th St, New York, NY 10128, USA",10128
40.81159925,-73.95500009,West Harlem,"430 Martin Luther King Blvd, New York, NY 10027, USA",10027
40.84959896,-73.93560261,Washington Heights,"140 Wadsworth Ave, New York, NY 10033, USA",10033
40.86619984,-73.92209799,Inwood,"103 Vermilyea Ave, New York, NY 10034, USA",10034
40.74430135,-73.97810003,Kips Bay,"209 E 32nd St, New York, NY 10016, USA",10016
40.8019008,-73.95310131,Central Harlem,"1883 Adam Clayton Powell Jr Blvd, New York, NY 10026, USA",10026
40.8655375,-73.92730389,Fort George,"Dyckman St, New York, NY 10040, USA",10040
40.74360177,-73.92160066,Sunnyside,"44-37 43rd St, Sunnyside, NY 11104, USA",11104
40.80110152,-73.93709803,East Harlem,"207 E 121st St, New York, NY 10035, USA",10035
40.71426232,-73.9809207,Lower East Side,"530D Grand St, New York, NY 10002, USA",10002
40.79749876,-73.96829844,Bloomingdale,"842 Amsterdam Ave, New York, NY 10025, USA",10025
40.83819939,-73.94200255,Washington Heights,"Broadway/W 164 St, New York, NY 10032, USA",10032
40.76509972,-73.98579772,Hell's Kitchen,"354 W 54th St, New York, NY 10019, USA",10019
40.77334343,-73.94901039,Yorkville,"York Av/E 82 St, New York, NY 10028, USA",10028
40.8302221,-73.94768514,Hamilton Heights,"3660 Broadway, New York, NY 10031, USA",10031
40.81629865,-73.93750139,Central Harlem,"45 W 139th St # 14k, New York, NY 10037, USA",10037
40.80068498,-73.95250715,Central Harlem,"60 St Nicholas Ave, New York, NY 10026, USA",10026
40.81439987,-73.94200255,Central Harlem,"115-117 W 135th St, New York, NY 10030, USA",10030
40.83819939,-73.94200255,Washington Heights,"Broadway/W 164 St, New York, NY 10032, USA",10032
40.81189834,-73.96249954,Morningside Heights,"99 Claremont Ave, New York, NY 10027, USA",10027
40.86847448,-73.92403917,Inwood,"63 Seaman Ave, New York, NY 10034, USA",10034
40.7663121,-73.97768349,Manhattan,"Central Park South/6 Ave, New York, NY 10019, USA",10019
40.72620161,-73.97960233,Alphabet City,"605 E 9th St, New York, NY 10009, USA",10009
40.80305473,-73.93839578,East Harlem,"123 E 123rd St, New York, NY 10035, USA",10035
40.7152014,-73.98770166,Lower East Side,"200 E Broadway, New York, NY 10002, USA",10002
40.7152014,-73.98770166,Lower East Side,"200 E Broadway, New York, NY 10002, USA",10002
40.78942865,-73.94990478,East Harlem,"108 E 101st St, New York, NY 10029, USA",10029
40.76509972,-73.98579772,Hell's Kitchen,"354 W 54th St, New York, NY 10019, USA",10019
40.70836143,-74.0069983,Financial District,"78 John St, New York, NY 10038, USA",10038
40.79749876,-73.96829844,Bloomingdale,"842 Amsterdam Ave, New York, NY 10025, USA",10025
40.8019008,-73.95310131,Central Harlem,"1883 Adam Clayton Powell Jr Blvd, New York, NY 10026, USA",10026
40.79179898,-73.94470003,East Harlem,"1924 3rd Ave, New York, NY 10029, USA",10029
40.79749876,-73.96829844,Bloomingdale,"842 Amsterdam Ave, New York, NY 10025, USA",10025
40.8019008,-73.95310131,Central Harlem,"1883 Adam Clayton Powell Jr Blvd, New York, NY 10026, USA",10026
40.57295947,-74.11499741,New Dorp,"174 New Dorp Ln, Staten Island, NY 10306, USA",10306
40.73695889,-74.00747672,West Village,"36 Bethune St, New York, NY 10014, USA",10014
40.79749876,-73.96829844,Bloomingdale,"842 Amsterdam Ave, New York, NY 10025, USA",10025
40.76509972,-73.98579772,Hell's Kitchen,"354 W 54th St, New York, NY 10019, USA",10019
40.74020012,-73.99960142,Chelsea,"212 W 16th St, New York, NY 10011, USA",10011
40.83899924,-73.94329743,Washington Heights,"106 Fort Washington Ave #1B, New York, NY 10032, USA",10032
40.81369972,-73.95389715,West Harlem,"454 W 128th St, New York, NY 10027, USA",10027
40.82460081,-73.95069718,Hamilton Heights,"530 W 143rd St, New York, NY 10031, USA",10031
40.81159925,-73.95500009,West Harlem,"430 Martin Luther King Blvd, New York, NY 10027, USA",10027
40.79749876,-73.96829844,Bloomingdale,"842 Amsterdam Ave, New York, NY 10025, USA",10025
40.72620161,-73.97960233,Alphabet City,"605 E 9th St, New York, NY 10009, USA",10009
40.7338993,-74.00540033,West Village,"232 W 10th St, New York, NY 10014, USA",10014
40.73067183,-74.00761309,West Village,"625 Greenwich St, New York, NY 10014, USA",10014
40.81562944,-73.95995904,Morningside Heights,"64 Tiemann Pl, New York, NY 10027, USA",10027
40.8019008,-73.95310131,Central Harlem,"1883 Adam Clayton Powell Jr Blvd, New York, NY 10026, USA",10026
40.8019008,-73.95310131,Central Harlem,"1883 Adam Clayton Powell Jr Blvd, New York, NY 10026, USA",10026
40.82610024,-73.81959584,East Bronx,"639 Logan Ave, Bronx, NY 10465, USA",10465
40.86619984,-73.92209799,Inwood,"103 Vermilyea Ave, New York, NY 10034, USA",10034
40.71430013,-74.00600136,Civic Center,"278 W Broadway, New York, NY 10006, USA",10006
40.77630104,-73.95290307,Yorkville,"86 St, 300-398 East 86th St, New York, NY 10028, USA",10028
40.82460081,-73.95069718,Hamilton Heights,"530 W 143rd St, New York, NY 10031, USA",10031
40.74459871,-73.99919863,Chelsea,"302 W 22nd St, New York, NY 10011, USA",10011
40.80519473,-73.9572203,Central Harlem,"355 W 116th St, New York, NY 10026, USA",10026
40.8019008,-73.95310131,Central Harlem,"1883 Adam Clayton Powell Jr Blvd, New York, NY 10026, USA",10026
40.8019008,-73.95310131,Central Harlem,"1883 Adam Clayton Powell Jr Blvd, New York, NY 10026, USA",10026
40.81159925,-73.95500009,West Harlem,"430 Martin Luther King Blvd, New York, NY 10027, USA",10027
40.71009921,-74.00130196,Civic Center,"341 Pearl St, PECK SLIP, NY 10038, USA",10038
40.71073462,-74.00832814,Financial District,"147 Fulton St, New York, NY 10038, USA",10038
40.73130036,-73.9891988,East Village,"60 3rd Ave, New York, NY 10003, USA",10003
40.79749876,-73.96829844,Bloomingdale,"842 Amsterdam Ave, New York, NY 10025, USA",10025
40.80708836,-73.94176992,East Harlem,"68 E 126th St, New York, NY 10035, USA",10035
40.74020012,-73.99960142,Chelsea,"212 W 16th St, New York, NY 10011, USA",10011
40.76509972,-73.98579772,Hell's Kitchen,"354 W 54th St, New York, NY 10019, USA",10019
40.73034066,-73.98628244,Ukrainian Village,"2nd Ave &, E 11th St, New York, NY 10003, USA",10003
40.76509972,-73.98579772,Hell's Kitchen,"354 W 54th St, New York, NY 10019, USA",10019
40.80483434,-73.96622204,Morningside Heights,"2864 Broadway, New York, NY 10025, USA",10025
40.79800067,-73.96299858,Manhattan Valley,"72 W 105th St, New York, NY 10025, USA",10025
40.73550415,-74.00837111,West Village,"717 Washington St, New York, NY 10014, USA",10014
40.71845637,-73.99480634,Little Italy,"Bowery/Grand St, New York, NY, USA",10002
40.82460081,-73.95069718,Hamilton Heights,"530 W 143rd St, New York, NY 10031, USA",10031
40.83819939,-73.94200255,Washington Heights,"Broadway/W 164 St, New York, NY 10032, USA",10032
40.72740368,-73.98484145,Ukrainian Village,"St Marks Pl/1 Av, New York, NY 10009, USA",10009
41.05857214,-73.54346743,Ridgeway-Bulls Head,"Washington Blvd and North St, Stamford, CT 06902, USA",06902
40.82919765,-73.94502834,Hamilton Heights,"1840 Amsterdam Ave, New York, NY 10031, USA",10031
40.82919765,-73.94502834,Hamilton Heights,"1840 Amsterdam Ave, New York, NY 10031, USA",10031
40.79749876,-73.96829844,Bloomingdale,"842 Amsterdam Ave, New York, NY 10025, USA",10025
40.82364798,-73.94383945,Central Harlem,"West 145th Street &, Edgecombe Ave, New York, NY 10039, USA",10039
40.75970188,-73.99180117,Hell's Kitchen,"9 Avenue & West 44 St, New York, NY 10036, USA",10036
40.75970188,-73.99180117,Hell's Kitchen,"9 Avenue & West 44 St, New York, NY 10036, USA",10036
40.67326432,-73.98289454,Park Slope,"310A 5th Ave, Brooklyn, NY 11215, USA",11215
40.8019008,-73.95310131,Central Harlem,"1883 Adam Clayton Powell Jr Blvd, New York, NY 10026, USA",10026
40.71850049,-74.00249715,Chinatown,"73 Walker St, New York, NY 10013, USA",10013
40.79749876,-73.96829844,Bloomingdale,"842 Amsterdam Ave, New York, NY 10025, USA",10025
40.73136167,-73.98256681,Gramercy Park,"1 Av, E 14 St, Avenue A, New York, NY 10009, USA",10009
40.79749876,-73.96829844,Bloomingdale,"842 Amsterdam Ave, New York, NY 10025, USA",10025
40.7662909,-73.93362877,Astoria,"Broadway/14 St, Queens, NY 11106, USA",11106
40.73136167,-73.98256681,Gramercy Park,"1 Av, E 14 St, Avenue A, New York, NY 10009, USA",10009
40.74430135,-73.97810003,Kips Bay,"209 E 32nd St, New York, NY 10016, USA",10016
40.77640016,-73.98269687,Lincoln Square,"199 Amsterdam Ave, New York, NY 10023, USA",10023
40.82924521,-73.94581844,Hamilton Heights,"508 W 151st St, New York, NY 10031, USA",10031
40.75900001,-73.98999807,Midtown South,"324 W 44th St, New York, NY 10036, USA",10036
40.8019008,-73.95310131,Central Harlem,"1883 Adam Clayton Powell Jr Blvd, New York, NY 10026, USA",10026
40.76473761,-73.98803111,Hell's Kitchen,"782 9th Ave, New York, NY 10019, USA",10019
40.79505338,-73.93315608,East Harlem,"508 E 116th St, New York, NY 10029, USA",10029
40.74020012,-73.99960142,Chelsea,"212 W 16th St, New York, NY 10011, USA",10011
40.79749876,-73.96829844,Bloomingdale,"842 Amsterdam Ave, New York, NY 10025, USA",10025
40.82460081,-73.95069718,Hamilton Heights,"530 W 143rd St, New York, NY 10031, USA",10031
40.79179898,-73.94470003,East Harlem,"1924 3rd Ave, New York, NY 10029, USA",10029
40.83717838,-73.94260358,Washington Heights,"3882 Broadway, New York, NY 10032, USA",10032
40.73805897,-73.99257982,Midtown Manhattan,"114 5th Ave, New York, NY 10011, USA",10011
40.81829999,-73.9425967,Strivers' Row,"213 W 139th St, New York, NY 10030, USA",10030
40.65487066,-73.9618985,Little Haiti,"Ocean Av/Parkside Av, Brooklyn, NY, USA",11225
40.83403685,-73.94493953,Washington Heights,"157 St, New York, NY 10032, USA",10032
40.8019008,-73.95310131,Central Harlem,"1883 Adam Clayton Powell Jr Blvd, New York, NY 10026, USA",10026
40.84959896,-73.93560261,Washington Heights,"140 Wadsworth Ave, New York, NY 10033, USA",10033
40.8082188,-73.95448787,Central Harlem,"508 Manhattan Ave, New York, NY 10027, USA",10027
40.72620161,-73.97960233,Alphabet City,"605 E 9th St, New York, NY 10009, USA",10009
40.72620161,-73.97960233,Alphabet City,"605 E 9th St, New York, NY 10009, USA",10009
40.79749876,-73.96829844,Bloomingdale,"842 Amsterdam Ave, New York, NY 10025, USA",10025
40.73381393,-73.98071157,Midtown Manhattan,"468 E 18th St, New York, NY 10003, USA",10003
40.73316821,-73.98118025,Stuyvesant Town-Peter Cooper Village,"1 Av & E 17 St, New York, NY 10009, USA",10009
40.70518151,-74.00739479,Financial District,"100 Wall St, New York, NY 10005, USA",10005
40.82532159,-73.94573193,Sugar Hill,"450 W 146th St, New York, NY 10031, USA",10031
40.8233403,-73.94706348,Hamilton Heights,"317 Convent Ave, New York, NY 10031, USA",10031
40.78160147,-73.95109997,Yorkville,"Ruppert Yorkville Towers Condominium, 1619 3rd Ave, New York, NY 10128, USA",10128
40.75717628,-73.96621574,Midtown East,"300 E 54th St # 20F, New York, NY 10022, USA",10022
40.76541026,-73.96990387,Lenox Hill,"28 E 62nd St, New York, NY 10065, USA",10065
40.78639942,-73.97639892,Central Park West Historic District,"494 Amsterdam Ave, New York, NY 10024, USA",10024
40.72620161,-73.97960233,Alphabet City,"605 E 9th St, New York, NY 10009, USA",10009
40.7152014,-73.98770166,Lower East Side,"200 E Broadway, New York, NY 10002, USA",10002
40.79749876,-73.96829844,Bloomingdale,"842 Amsterdam Ave, New York, NY 10025, USA",10025
40.73034066,-73.98628244,Ukrainian Village,"2nd Ave &, E 11th St, New York, NY 10003, USA",10003
40.77630104,-73.95290307,Yorkville,"86 St, 300-398 East 86th St, New York, NY 10028, USA",10028
40.71810113,-73.98249863,Lower East Side,"69 Pitt St, New York, NY 10002, USA",10002
40.76009665,-73.98674711,Theater District,"254 W 47th St, New York, NY 10036, USA",10036
40.71529765,-74.00880828,Tribeca,"Chambers St/West Broadway, New York, NY 10007, USA",10007
40.8019008,-73.95310131,Central Harlem,"1883 Adam Clayton Powell Jr Blvd, New York, NY 10026, USA",10026
40.72934371,-74.00365853,South Village,"22 Bedford St, New York, NY 10014, USA",10014
40.73468826,-73.97920641,Stuyvesant Town-Peter Cooper Village,"East 20 St & 1 Avenue, New York, NY 10010, USA",10010
40.78160147,-73.95109997,Yorkville,"Ruppert Yorkville Towers Condominium, 1619 3rd Ave, New York, NY 10128, USA",10128
40.76509972,-73.98579772,Hell's Kitchen,"354 W 54th St, New York, NY 10019, USA",10019
40.85556861,-73.93795231,Hudson Heights,"The Paterno Trivium, Cabrini Blvd, New York, NY 10040, USA",10040
40.78160147,-73.95109997,Yorkville,"Ruppert Yorkville Towers Condominium, 1619 3rd Ave, New York, NY 10128, USA",10128
40.81829999,-73.9425967,Strivers' Row,"213 W 139th St, New York, NY 10030, USA",10030
40.74430135,-73.97810003,Kips Bay,"209 E 32nd St, New York, NY 10016, USA",10016
40.83819939,-73.94200255,Washington Heights,"Broadway/W 164 St, New York, NY 10032, USA",10032
40.86619984,-73.92209799,Inwood,"103 Vermilyea Ave, New York, NY 10034, USA",10034
40.80097146,-73.94718667,Central Harlem,"1400 5th Ave Front 5, New York, NY 10035, USA",10035
40.81336855,-73.94883278,West Harlem,"410 St Nicholas Ave, New York, NY 10027, USA",10027
40.79179898,-73.94470003,East Harlem,"1924 3rd Ave, New York, NY 10029, USA",10029
40.74172648,-73.98200016,Rose Hill,"145 E 27th St # 1G, New York, NY 10016, USA",10016
40.75970188,-73.99180117,Hell's Kitchen,"9 Avenue & West 44 St, New York, NY 10036, USA",10036
40.8019008,-73.95310131,Central Harlem,"1883 Adam Clayton Powell Jr Blvd, New York, NY 10026, USA",10026
40.64119989,-74.01330256,Sunset Park,"526 56th St, Brooklyn, NY 11220, USA",11220
40.87369928,-73.87120043,The Bronx,"Bronx River Forest Park, 3310 Bronx Blvd, Bronx, NY 10467, USA",10467
40.67893317,-73.98695681,Gowanus,"545 Union St, Brooklyn, NY 11215, USA",11215
40.68944522,-73.92093832,Bushwick,"12 Palmetto St, Brooklyn, NY 11221, USA",11221
40.70059842,-73.91800134,Bushwick,"212-220 Irving Ave, Brooklyn, NY 11237, USA",11237
40.67940127,-73.94959997,Bedford-Stuyvesant,"523 Nostrand Ave, Brooklyn, NY 11216, USA",11216
40.68130006,-73.99010063,Gowanus,"447 Sackett St, Brooklyn, NY 11231, USA",11231
40.65532158,-73.91220931,Brownsville,"1 Brookdale Plaza, Brooklyn, NY 11212, USA",11212
40.66250647,-73.98285386,Park Slope,"406 15th St, Brooklyn, NY 11215, USA",11215
40.68416886,-73.9293121,Bedford-Stuyvesant,"Malcolm X Bl/Halsey St, Brooklyn, NY 11233, USA",11233
40.64239851,-73.97579789,Kensington,"399 E 4th St, Brooklyn, NY 11218, USA",11218
40.59907832,-73.99085866,Brooklyn,"32 Bay 35th St, Brooklyn, NY 11214, USA",11214
40.69549967,-73.93229664,Bushwick,"5a Suydam St, Brooklyn, NY 11221, USA",11221
40.72179958,-73.93739596,East Williamsburg,"87 Beadel St, Brooklyn, NY 11222, USA",11222
40.626201,-73.96030053,Midwood,"990 E 17th St, Brooklyn, NY 11230, USA",11230
40.67399828,-73.96039621,Crown Heights,"Sterling Pl/Classon Av, Brooklyn, NY 11238, USA",11238
40.70799932,-73.93700292,East Williamsburg,"284A Meserole St, Brooklyn, NY 11206, USA",11206
40.62529572,-73.91598625,Bergen Beach,"2139 Ralph Ave, Brooklyn, NY 11234, USA",11234
40.68160029,-73.97980057,Park Slope,"78 St Marks Pl, Brooklyn, NY 11217, USA",11217
40.68160029,-73.97980057,Park Slope,"78 St Marks Pl, Brooklyn, NY 11217, USA",11217
40.68160029,-73.97980057,Park Slope,"78 St Marks Pl, Brooklyn, NY 11217, USA",11217
40.69069828,-73.92739957,Bedford-Stuyvesant,"51 Patchen Ave, Brooklyn, NY 11221, USA",11221
40.72719856,-73.94980222,Greenpoint,"141 1/2 McGuinness Blvd, Brooklyn, NY 11222, USA",11222
40.6868291,-73.8670207,Woodhaven,"600 Ridgewood Ave, Brooklyn, NY 11208, USA",11208
40.70610053,-73.92229738,Bushwick,"32 Wyckoff Ave, Brooklyn, NY 11237, USA",11237
40.67900135,-73.96439832,Prospect Heights,"650-652 Washington Ave, Brooklyn, NY 11238, USA",11238
40.6868291,-73.8670207,Woodhaven,"600 Ridgewood Ave, Brooklyn, NY 11208, USA",11208
40.67900135,-73.96439832,Prospect Heights,"650-652 Washington Ave, Brooklyn, NY 11238, USA",11238
40.67900135,-73.96439832,Prospect Heights,"650-652 Washington Ave, Brooklyn, NY 11238, USA",11238
40.66689876,-73.98279886,Park Slope,"509 10th St, Brooklyn, NY 11215, USA",11215
40.64670143,-73.95700143,Flatbush,"2131 Tilden Ave, Brooklyn, NY 11226, USA",11226
40.72719856,-73.94980222,Greenpoint,"141 1/2 McGuinness Blvd, Brooklyn, NY 11222, USA",11222
40.68747081,-73.96717831,Clinton Hill,"345 Clinton Ave, Brooklyn, NY 11238, USA",11238
40.69299985,-73.92700308,Bushwick,"1115 Lafayette Ave, Brooklyn, NY 11221, USA",11221
40.67940127,-73.94959997,Bedford-Stuyvesant,"523 Nostrand Ave, Brooklyn, NY 11216, USA",11216
40.70949817,-73.95629784,Southside,"286 S 3rd St, Brooklyn, NY 11211, USA",11211
40.65729542,-73.87999763,East New York,"1044 Barbey St, Brooklyn, NY 11207, USA",11207
40.69069828,-73.92739957,Bedford-Stuyvesant,"51 Patchen Ave, Brooklyn, NY 11221, USA",11221
40.70119945,-73.94360052,Broadway Triangle,"21 Thornton St, Brooklyn, NY 11206, USA",11206
40.62029609,-73.90673126,Bergen Beach,"7116 Avenue U, Brooklyn, NY 11234, USA",11234
40.66689876,-73.98279886,Park Slope,"509 10th St, Brooklyn, NY 11215, USA",11215
40.70059842,-73.91800134,Bushwick,"212-220 Irving Ave, Brooklyn, NY 11237, USA",11237
40.64119989,-74.01330256,Sunset Park,"526 56th St, Brooklyn, NY 11220, USA",11220
40.72719856,-73.94980222,Greenpoint,"141 1/2 McGuinness Blvd, Brooklyn, NY 11222, USA",11222
40.70059842,-73.91800134,Bushwick,"212-220 Irving Ave, Brooklyn, NY 11237, USA",11237
40.62489981,-73.95989774,Midwood,"1040 E 17th St, Brooklyn, NY 11230, USA",11230
40.72719856,-73.94980222,Greenpoint,"141 1/2 McGuinness Blvd, Brooklyn, NY 11222, USA",11222
40.67940127,-73.94959997,Bedford-Stuyvesant,"523 Nostrand Ave, Brooklyn, NY 11216, USA",11216
40.69069828,-73.92739957,Bedford-Stuyvesant,"51 Patchen Ave, Brooklyn, NY 11221, USA",11221
40.69865896,-73.9346939,Bushwick,"593 Bushwick Ave, Brooklyn, NY 11206, USA",11206
40.6162046,-73.99442417,Bensonhurst,"1763 71st St, Brooklyn, NY 11204, USA",11204
40.68160029,-73.97980057,Park Slope,"78 St Marks Pl, Brooklyn, NY 11217, USA",11217
40.68397405,-73.94403769,Bedford-Stuyvesant,"344 Jefferson Ave, Brooklyn, NY 11216, USA",11216
40.67878305,-73.91095224,Ocean Hill,"36 Somers St, Brooklyn, NY 11233, USA",11233
40.65210041,-74.00180043,Sunset Park,"36th Street Yard, 5th Ave, Brooklyn, NY 11232, USA",11232
40.69069828,-73.92739957,Bedford-Stuyvesant,"51 Patchen Ave, Brooklyn, NY 11221, USA",11221
40.70949817,-73.95629784,Southside,"286 S 3rd St, Brooklyn, NY 11211, USA",11211
40.6610586,-73.9803105,Park Slope,"200 Prospect Park W, Brooklyn, NY 11215, USA",11215
40.64119989,-74.01330256,Sunset Park,"526 56th St, Brooklyn, NY 11220, USA",11220
40.67940127,-73.94959997,Bedford-Stuyvesant,"523 Nostrand Ave, Brooklyn, NY 11216, USA",11216
40.62249912,-73.96499935,Midwood,"1440 Coney Island Ave, Brooklyn, NY 11230, USA",11230
40.54596341,-73.88639069,Breezy Point,"G4W7+9C New York, NY, USA",11697
40.67940127,-73.94959997,Bedford-Stuyvesant,"523 Nostrand Ave, Brooklyn, NY 11216, USA",11216
40.62809978,-73.94670137,Flatlands,"2329 Nostrand Ave, Brooklyn, NY 11210, USA",11210
40.67940127,-73.94959997,Bedford-Stuyvesant,"523 Nostrand Ave, Brooklyn, NY 11216, USA",11216
40.67940127,-73.94959997,Bedford-Stuyvesant,"523 Nostrand Ave, Brooklyn, NY 11216, USA",11216
40.59486364,-74.09078421,Dongan Hills,"3 Minna St, Staten Island, NY 10304, USA",10304
40.69069828,-73.92739957,Bedford-Stuyvesant,"51 Patchen Ave, Brooklyn, NY 11221, USA",11221
40.76146258,-73.91890948,Long Island City,"31-19 37th St, Long Island City, NY 11103, USA",11103
40.64670143,-73.95700143,Flatbush,"2131 Tilden Ave, Brooklyn, NY 11226, USA",11226
40.67050152,-73.89399957,East New York,"363 New Jersey Ave, Brooklyn, NY 11207, USA",11207
40.70504515,-73.92319864,Bushwick,"207B Starr St, Brooklyn, NY 11237, USA",11237
40.70977147,-73.94819049,Southside,"57 Ten Eyck St, Brooklyn, NY 11206, USA",11206
40.67252979,-73.95025314,Crown Heights,"721 Nostrand Ave, Brooklyn, NY 11216, USA",11216
40.64510001,-73.94500083,Little Haiti,"465 E 34th St, Brooklyn, NY 11203, USA",11203
40.69430104,-73.96030053,Bedford-Stuyvesant,"164 Taaffe Pl, Brooklyn, NY 11205, USA",11205
40.65824481,-73.87779174,East New York,"Cozine Av/Ashford St, Brooklyn, NY 11207, USA",11207
40.69485108,-73.94193379,Bedford-Stuyvesant,"683 Willoughby Ave, Brooklyn, NY 11206, USA",11206
40.67050152,-73.89399957,East New York,"363 New Jersey Ave, Brooklyn, NY 11207, USA",11207
40.69321529,-73.92886806,Bedford-Stuyvesant,"1154 Broadway, Brooklyn, NY 11221, USA",11221
40.68459915,-73.90720109,Bushwick,"89 Pilling St, Brooklyn, NY 11207, USA",11207
40.68459915,-73.90720109,Bushwick,"89 Pilling St, Brooklyn, NY 11207, USA",11207
40.64510001,-73.94500083,Little Haiti,"465 E 34th St, Brooklyn, NY 11203, USA",11203
40.69390513,-73.94891242,Bedford-Stuyvesant,"602B Marcy Ave, Brooklyn, NY 11206, USA",11206
40.67253667,-73.96092218,Crown Heights,"825 Classon Ave, Brooklyn, NY 11238, USA",11238
40.69468378,-73.91111611,Bushwick,"293 Cornelia St, Brooklyn, NY 11221, USA",11221
40.66737317,-73.98780536,Park Slope,"498 5th Ave, Brooklyn, NY 11215, USA",11215
40.69400081,-73.99029888,Downtown Brooklyn,"Borough Hall, Brooklyn, NY 11201, USA",11201
40.64070141,-73.90279734,Canarsie,"1210 E 93rd St, Brooklyn, NY 11236, USA",11236
40.68416886,-73.9293121,Bedford-Stuyvesant,"Malcolm X Bl/Halsey St, Brooklyn, NY 11233, USA",11233
40.60644427,-74.00975079,Bath Beach,"158-160 Bay 13th St, Brooklyn, NY 11214, USA",11214
40.62510092,-74.03030279,Bay Ridge,"8319 3rd Ave, Brooklyn, NY 11209, USA",11209
40.6508972,-73.94765764,Little Haiti,"3122A Church Ave, Brooklyn, NY 11226, USA",11226
40.61427545,-74.02944908,Fort Hamilton,"9515 Fort Hamilton Pkwy, Brooklyn, NY 11209, USA",11209
40.66090161,-73.9801283,South Slope,"Bartel-Pritchard Square, Prospect Park Southwest, Brooklyn, NY 11215, USA",11215
40.68160029,-73.97980057,Park Slope,"78 St Marks Pl, Brooklyn, NY 11217, USA",11217
40.69689998,-73.78770157,Jamaica,"164-37 108th Dr, Jamaica, NY 11433, USA",11433
40.68900118,-73.91899829,Bushwick,"978 Madison St, Brooklyn, NY 11221, USA",11221
40.67680577,-73.95575181,Crown Heights,"Bergen St/Franklin Av, Brooklyn, NY 11216, USA",11216
40.64670143,-73.95700143,Flatbush,"2131 Tilden Ave, Brooklyn, NY 11226, USA",11226
40.57371061,-73.99071542,Coney Island,"3001 W 24th St, Brooklyn, NY 11224, USA",11224
40.68160029,-73.97980057,Park Slope,"78 St Marks Pl, Brooklyn, NY 11217, USA",11217
40.64510001,-73.94500083,Little Haiti,"465 E 34th St, Brooklyn, NY 11203, USA",11203
40.72719856,-73.94980222,Greenpoint,"141 1/2 McGuinness Blvd, Brooklyn, NY 11222, USA",11222
40.72179958,-73.93739596,East Williamsburg,"87 Beadel St, Brooklyn, NY 11222, USA",11222
40.63360132,-73.9960021,Borough Park,"1228 53rd St, Brooklyn, NY 11219, USA",11219
40.66495185,-73.9933516,Sunset Park,"612 4th Ave, Brooklyn, NY 11215, USA",11215
40.67900135,-73.96439832,Prospect Heights,"650-652 Washington Ave, Brooklyn, NY 11238, USA",11238
40.64670143,-73.95700143,Flatbush,"2131 Tilden Ave, Brooklyn, NY 11226, USA",11226
40.63693078,-73.9110823,Canarsie,"8306 Flatlands Ave, Brooklyn, NY 11236, USA",11236
40.65049899,-73.93489901,Little Caribbean,"455 E 45th St, Brooklyn, NY 11203, USA",11203
40.66689876,-73.98279886,Park Slope,"509 10th St, Brooklyn, NY 11215, USA",11215
40.70119945,-73.94360052,Broadway Triangle,"21 Thornton St, Brooklyn, NY 11206, USA",11206
40.67839917,-73.92110219,Ocean Hill,"1950 Fulton St, Brooklyn, NY 11233, USA",11233
40.64670143,-73.95700143,Flatbush,"2131 Tilden Ave, Brooklyn, NY 11226, USA",11226
40.69069828,-73.92739957,Bedford-Stuyvesant,"51 Patchen Ave, Brooklyn, NY 11221, USA",11221
40.6762013,-73.87359826,East New York,"982 Glenmore Ave, Brooklyn, NY 11208, USA",11208
40.69069828,-73.92739957,Bedford-Stuyvesant,"51 Patchen Ave, Brooklyn, NY 11221, USA",11221
40.67900135,-73.96439832,Prospect Heights,"650-652 Washington Ave, Brooklyn, NY 11238, USA",11238
40.68160029,-73.97980057,Park Slope,"78 St Marks Pl, Brooklyn, NY 11217, USA",11217
40.67900135,-73.96439832,Prospect Heights,"650-652 Washington Ave, Brooklyn, NY 11238, USA",11238
40.70949817,-73.95629784,Southside,"286 S 3rd St, Brooklyn, NY 11211, USA",11211
40.67940127,-73.94959997,Bedford-Stuyvesant,"523 Nostrand Ave, Brooklyn, NY 11216, USA",11216
40.70949817,-73.95629784,Southside,"286 S 3rd St, Brooklyn, NY 11211, USA",11211
40.65210041,-74.00180043,Sunset Park,"36th Street Yard, 5th Ave, Brooklyn, NY 11232, USA",11232
40.74782619,-73.98921255,Midtown South,"874 6th Ave, New York, NY 10001, USA",10001
40.70059842,-73.91800134,Bushwick,"212-220 Irving Ave, Brooklyn, NY 11237, USA",11237
40.70360072,-73.89609659,Flushing,"60-86 Catalpa Ave, Flushing, NY 11385, USA",11385
40.68160029,-73.97980057,Park Slope,"78 St Marks Pl, Brooklyn, NY 11217, USA",11217
40.64670143,-73.95700143,Flatbush,"2131 Tilden Ave, Brooklyn, NY 11226, USA",11226
40.69069828,-73.92739957,Bedford-Stuyvesant,"51 Patchen Ave, Brooklyn, NY 11221, USA",11221
40.72719856,-73.94980222,Greenpoint,"141 1/2 McGuinness Blvd, Brooklyn, NY 11222, USA",11222
40.64979941,-73.89249727,Canarsie,"759 E 108th St, Brooklyn, NY 11236, USA",11236
40.69069828,-73.92739957,Bedford-Stuyvesant,"51 Patchen Ave, Brooklyn, NY 11221, USA",11221
40.72719856,-73.94980222,Greenpoint,"141 1/2 McGuinness Blvd, Brooklyn, NY 11222, USA",11222
40.82460081,-73.95069718,Hamilton Heights,"530 W 143rd St, New York, NY 10031, USA",10031
40.72719856,-73.94980222,Greenpoint,"141 1/2 McGuinness Blvd, Brooklyn, NY 11222, USA",11222
40.69069828,-73.92739957,Bedford-Stuyvesant,"51 Patchen Ave, Brooklyn, NY 11221, USA",11221
40.65049899,-73.93489901,Little Caribbean,"455 E 45th St, Brooklyn, NY 11203, USA",11203
40.66249959,-73.91449713,Brownsville,"2102 Strauss St, Brooklyn, NY 11212, USA",11212
40.72719856,-73.94980222,Greenpoint,"141 1/2 McGuinness Blvd, Brooklyn, NY 11222, USA",11222
40.70949817,-73.95629784,Southside,"286 S 3rd St, Brooklyn, NY 11211, USA",11211
40.66689876,-73.98279886,Park Slope,"509 10th St, Brooklyn, NY 11215, USA",11215
40.64119989,-74.01330256,Sunset Park,"526 56th St, Brooklyn, NY 11220, USA",11220
40.70119945,-73.94360052,Broadway Triangle,"21 Thornton St, Brooklyn, NY 11206, USA",11206
40.67900135,-73.96439832,Prospect Heights,"650-652 Washington Ave, Brooklyn, NY 11238, USA",11238
40.64901045,-73.96867946,Flatbush,"apt D10, 5 Westminster Rd, Brooklyn, NY 11218, USA",11218
40.64670143,-73.95700143,Flatbush,"2131 Tilden Ave, Brooklyn, NY 11226, USA",11226
40.67940127,-74.00139535,Carroll Gardens,"4 3rd Pl, Brooklyn, NY 11231, USA",11231
40.69069828,-73.92739957,Bedford-Stuyvesant,"51 Patchen Ave, Brooklyn, NY 11221, USA",11221
40.6762013,-73.87359826,East New York,"982 Glenmore Ave, Brooklyn, NY 11208, USA",11208
40.69299985,-73.92700308,Bushwick,"1115 Lafayette Ave, Brooklyn, NY 11221, USA",11221
40.67050152,-73.89399957,East New York,"363 New Jersey Ave, Brooklyn, NY 11207, USA",11207
40.67050152,-73.89399957,East New York,"363 New Jersey Ave, Brooklyn, NY 11207, USA",11207
40.74839972,-73.9966971,Chelsea,"357A 8th Ave, New York, NY 10001, USA",10001
40.67027921,-73.92541198,Crown Heights,"Buffalo Av/St Johns Pl, Brooklyn, NY, USA",11233
40.65049899,-73.93489901,Little Caribbean,"455 E 45th St, Brooklyn, NY 11203, USA",11203
40.70059842,-73.91800134,Bushwick,"212-220 Irving Ave, Brooklyn, NY 11237, USA",11237
40.70360072,-73.89609659,Flushing,"60-86 Catalpa Ave, Flushing, NY 11385, USA",11385
40.72719856,-73.94980222,Greenpoint,"141 1/2 McGuinness Blvd, Brooklyn, NY 11222, USA",11222
40.67252979,-73.95025314,Crown Heights,"721 Nostrand Ave, Brooklyn, NY 11216, USA",11216
40.68408692,-73.90863005,Bushwick,"1434 Bushwick Ave, Brooklyn, NY 11207, USA",11207
40.61468856,-73.91937415,Flatlands,"Firefighter Gregory T. Saucedo Triangle, Avenue T &, Fillmore Ave, Brooklyn, NY 11234, USA",11234
40.68356782,-73.76712208,Rochdale Village,"11 Troutville Rd, Rochdale, NY 11434, USA",11434
40.6698558,-73.95049894,Crown Heights,"Nostrand Av, Brooklyn, NY 11225, USA",11225
40.65094647,-73.94667444,Little Haiti,"Church Av/New York Av, Brooklyn, NY, USA",11203
40.69428099,-73.92673895,Bushwick,"854 Bushwick Ave, Brooklyn, NY 11221, USA",11221
40.70949817,-73.95629784,Southside,"286 S 3rd St, Brooklyn, NY 11211, USA",11211
40.69239882,-73.9665979,Clinton Hill,"215 Washington Ave, Brooklyn, NY 11205, USA",11205
40.66993085,-73.9345094,Crown Heights,"1273 Lincoln Pl, Brooklyn, NY 11213, USA",11213
40.7143855,-73.93344256,East Williamsburg,"1075 Metropolitan Ave, Brooklyn, NY 11211, USA",11211
40.66249959,-73.91449713,Brownsville,"2102 Strauss St, Brooklyn, NY 11212, USA",11212
40.66249959,-73.91449713,Brownsville,"2102 Strauss St, Brooklyn, NY 11212, USA",11212
40.66994117,-73.92356763,Crown Heights,"St. John's Place Renaissance Garden, 1642 St Johns Pl, Brooklyn, NY 11233, USA",11233
40.64119989,-74.01330256,Sunset Park,"526 56th St, Brooklyn, NY 11220, USA",11220
40.66249959,-73.91449713,Brownsville,"2102 Strauss St, Brooklyn, NY 11212, USA",11212
40.69069828,-73.92739957,Bedford-Stuyvesant,"51 Patchen Ave, Brooklyn, NY 11221, USA",11221
40.72719856,-73.94980222,Greenpoint,"141 1/2 McGuinness Blvd, Brooklyn, NY 11222, USA",11222
40.67050152,-73.89399957,East New York,"363 New Jersey Ave, Brooklyn, NY 11207, USA",11207
40.67050152,-73.89399957,East New York,"363 New Jersey Ave, Brooklyn, NY 11207, USA",11207
40.69321529,-73.92886806,Bedford-Stuyvesant,"1154 Broadway, Brooklyn, NY 11221, USA",11221
40.69069828,-73.92739957,Bedford-Stuyvesant,"51 Patchen Ave, Brooklyn, NY 11221, USA",11221
40.67050152,-73.89399957,East New York,"363 New Jersey Ave, Brooklyn, NY 11207, USA",11207
40.69456059,-73.9088896,Bushwick,"1342 Hancock St, Brooklyn, NY 11237, USA",11237
40.68160029,-73.97980057,Park Slope,"78 St Marks Pl, Brooklyn, NY 11217, USA",11217
40.70119945,-73.94360052,Broadway Triangle,"21 Thornton St, Brooklyn, NY 11206, USA",11206
40.72719856,-73.94980222,Greenpoint,"141 1/2 McGuinness Blvd, Brooklyn, NY 11222, USA",11222
40.61481518,-74.02940153,Fort Hamilton,"460 95th St, Brooklyn, NY 11209, USA",11209
40.66999961,-73.93670211,Crown Heights,"276 Troy Ave, Brooklyn, NY 11213, USA",11213
40.71167713,-73.96536834,Williamsburg,"12B Williamsburg Bridge, Brooklyn, NY 11249, USA",11249
40.67443545,-73.87338627,East New York,"508 Chestnut St, Brooklyn, NY 11208, USA",11208
40.69239882,-73.9665979,Clinton Hill,"215 Washington Ave, Brooklyn, NY 11205, USA",11205
40.67900135,-73.96439832,Prospect Heights,"650-652 Washington Ave, Brooklyn, NY 11238, USA",11238
40.64670143,-73.95700143,Flatbush,"2131 Tilden Ave, Brooklyn, NY 11226, USA",11226
40.67940127,-74.00139535,Carroll Gardens,"4 3rd Pl, Brooklyn, NY 11231, USA",11231
40.69069828,-73.92739957,Bedford-Stuyvesant,"51 Patchen Ave, Brooklyn, NY 11221, USA",11221
40.63686259,-73.93847771,East Flatbush,"762 E 40th St, Brooklyn, NY 11210, USA",11210
40.64070141,-73.90279734,Canarsie,"1210 E 93rd St, Brooklyn, NY 11236, USA",11236
40.64070141,-73.90279734,Canarsie,"1210 E 93rd St, Brooklyn, NY 11236, USA",11236
40.63841302,-74.0113969,Sunset Park,"654 58th St, Brooklyn, NY 11220, USA",11220
40.6762013,-73.87359826,East New York,"982 Glenmore Ave, Brooklyn, NY 11208, USA",11208
40.64960117,-73.97980057,Windsor Terrace,"92 E 2nd St, Brooklyn, NY 11218, USA",11218
40.70119945,-73.94360052,Broadway Triangle,"21 Thornton St, Brooklyn, NY 11206, USA",11206
40.71553314,-73.94062974,East Williamsburg,"60 Maspeth Ave, Brooklyn, NY 11211, USA",11211
40.6162046,-73.99442417,Bensonhurst,"1763 71st St, Brooklyn, NY 11204, USA",11204
40.66475017,-73.89404082,East New York,"Pennsylvania Av/Livonia Av, Brooklyn, NY 11207, USA",11207
40.66633153,-73.91570607,Brownsville,"1953 Strauss St, Brooklyn, NY 11212, USA",11212
40.70059842,-73.91800134,Bushwick,"212-220 Irving Ave, Brooklyn, NY 11237, USA",11237
40.58390124,-73.95359978,Sheepshead Bay,"2773 E 15th St, Brooklyn, NY 11235, USA",11235
40.58390124,-73.95359978,Sheepshead Bay,"2773 E 15th St, Brooklyn, NY 11235, USA",11235
40.71286545,-73.94013069,East Williamsburg,"247 Powers St, Brooklyn, NY 11211, USA",11211
40.68177446,-73.94360052,Bedford-Stuyvesant,"188 Macon St, Brooklyn, NY 11216, USA",11216
40.68177446,-73.94360052,Bedford-Stuyvesant,"188 Macon St, Brooklyn, NY 11216, USA",11216
40.66280039,-73.9545973,Prospect Lefferts Gardens,"194 Sterling St, Brooklyn, NY 11225, USA",11225
40.73550072,-73.95439906,Greenpoint,"155 Eagle St, Brooklyn, NY 11222, USA",11222
40.64670143,-73.95700143,Flatbush,"2131 Tilden Ave, Brooklyn, NY 11226, USA",11226
40.64049973,-73.98249863,Borough Park,"3611 14th Ave Suite 371, Brooklyn, NY 11218, USA",11218
40.67050152,-73.89399957,East New York,"363 New Jersey Ave, Brooklyn, NY 11207, USA",11207
40.67900135,-73.96439832,Prospect Heights,"650-652 Washington Ave, Brooklyn, NY 11238, USA",11238
40.67050152,-73.89399957,East New York,"363 New Jersey Ave, Brooklyn, NY 11207, USA",11207
40.69069828,-73.92739957,Bedford-Stuyvesant,"51 Patchen Ave, Brooklyn, NY 11221, USA",11221
40.67900135,-73.96439832,Prospect Heights,"650-652 Washington Ave, Brooklyn, NY 11238, USA",11238
40.67900135,-73.96439832,Prospect Heights,"650-652 Washington Ave, Brooklyn, NY 11238, USA",11238
40.67940127,-74.00139535,Carroll Gardens,"4 3rd Pl, Brooklyn, NY 11231, USA",11231
40.74130994,-73.9892263,Flatiron District,"23 St, E 23rd St, New York, NY 10010, USA",10010
40.70949817,-73.95629784,Southside,"286 S 3rd St, Brooklyn, NY 11211, USA",11211
40.65573468,-73.89244914,East New York,"425 Stanley Ave, Brooklyn, NY 11207, USA",11207
40.68510106,-73.99458116,Cobble Hill,"258 Court St, Brooklyn, NY 11231, USA",11231
40.67203132,-73.99093371,Gowanus,"448 3rd Ave, Brooklyn, NY 11215, USA",11215
40.68781229,-73.92369081,Ocean Hill,"73 Ralph Ave # 6, Brooklyn, NY 11221, USA",11221
40.64960117,-73.97980057,Windsor Terrace,"92 E 2nd St, Brooklyn, NY 11218, USA",11218
40.67050152,-73.89399957,East New York,"363 New Jersey Ave, Brooklyn, NY 11207, USA",11207
40.64879845,-73.95219317,Flatbush,"2703 Snyder Ave, Brooklyn, NY 11226, USA",11226
40.68160029,-73.97980057,Park Slope,"78 St Marks Pl, Brooklyn, NY 11217, USA",11217
40.70119945,-73.94360052,Broadway Triangle,"21 Thornton St, Brooklyn, NY 11206, USA",11206
40.67050152,-73.89399957,East New York,"363 New Jersey Ave, Brooklyn, NY 11207, USA",11207
40.68969446,-73.9123663,Bushwick,"146 Weirfield St, Brooklyn, NY 11221, USA",11221
40.71269814,-73.96230187,Williamsburg,"131 S 3rd St, Brooklyn, NY 11211, USA",11211
40.68160029,-73.97980057,Park Slope,"78 St Marks Pl, Brooklyn, NY 11217, USA",11217
40.70521932,-73.91478419,Bushwick,"194 Cypress Ave, Brooklyn, NY 11237, USA",11237
40.70026037,-73.93991698,Bushwick,"18 Fayette St, Brooklyn, NY 11206, USA",11206
40.6313135,-73.93702297,Flatlands,"1716 Albany Ave, Brooklyn, NY 11210, USA",11210
40.66160177,-73.96849669,Brooklyn,"M26J+JJ New York, NY, USA",11215
40.64409905,-73.96686433,Flatbush,"1216 Beverley Rd, Brooklyn, NY 11218, USA",11218
40.66138633,-73.95361067,Prospect Lefferts Gardens,"453 Rogers Ave, Brooklyn, NY 11225, USA",11225
40.68160029,-73.97980057,Park Slope,"78 St Marks Pl, Brooklyn, NY 11217, USA",11217
40.67839917,-73.92110219,Ocean Hill,"1950 Fulton St, Brooklyn, NY 11233, USA",11233
40.69477602,-73.94197963,Bedford-Stuyvesant,"683 Willoughby Ave, Brooklyn, NY 11206, USA",11206
40.62249912,-73.96499935,Midwood,"1440 Coney Island Ave, Brooklyn, NY 11230, USA",11230
40.66689876,-73.98279886,Park Slope,"509 10th St, Brooklyn, NY 11215, USA",11215
40.66689876,-73.98279886,Park Slope,"509 10th St, Brooklyn, NY 11215, USA",11215
40.70119945,-73.94360052,Broadway Triangle,"21 Thornton St, Brooklyn, NY 11206, USA",11206
40.71167713,-73.96536834,Williamsburg,"12B Williamsburg Bridge, Brooklyn, NY 11249, USA",11249
40.6774853,-73.92657279,Bedford-Stuyvesant,"34 Suydam Pl, Brooklyn, NY 11233, USA",11233
40.66249959,-73.91449713,Brownsville,"2102 Strauss St, Brooklyn, NY 11212, USA",11212
40.69068797,-73.91326757,Bushwick,"1145 Hancock St, Brooklyn, NY 11221, USA",11221
40.66339455,-73.91399866,Brownsville,"259 Herzl St, Brooklyn, NY 11212, USA",11212
40.60476779,-74.00762684,Bath Beach,"1724 Bath Ave, Brooklyn, NY 11214, USA",11214
40.70949817,-73.95629784,Southside,"286 S 3rd St, Brooklyn, NY 11211, USA",11211
40.68305846,-73.907114,Bushwick,"1484 Bushwick Ave, Brooklyn, NY 11207, USA",11207
40.71015765,-73.90732542,Ridgewood,"21-16 Greene Ave, Ridgewood, NY 11385, USA",11385
40.71015765,-73.90732542,Ridgewood,"21-16 Greene Ave, Ridgewood, NY 11385, USA",11385
40.60159876,-73.9968008,Bath Beach,"68 Bay 28th St, Brooklyn, NY 11214, USA",11214
40.67765433,-73.94976842,Crown Heights,"612 Nostrand Ave, Brooklyn, NY 11216, USA",11216
40.71390021,-74.0069983,Tribeca,"260 Broadway, New York, NY 10007, USA",10007
40.68752238,-73.90835674,Bushwick,"1138 Decatur St, Brooklyn, NY 11207, USA",11207
40.68862532,-73.93616926,Bedford-Stuyvesant,"223 Lewis Ave, Brooklyn, NY 11221, USA",11221
40.64670143,-73.95700143,Flatbush,"2131 Tilden Ave, Brooklyn, NY 11226, USA",11226
40.6936112,-73.98240295,Downtown Brooklyn,"114 Myrtle Ave, Brooklyn, NY 11201, USA",11201
40.57520947,-73.96879061,Coney Island,"Hennessey Triangle, Surf Ave. &, Sea Breeze Ave, Brooklyn, NY 11235, USA",11235
40.64239851,-73.97579789,Kensington,"399 E 4th St, Brooklyn, NY 11218, USA",11218
40.70119945,-73.94360052,Broadway Triangle,"21 Thornton St, Brooklyn, NY 11206, USA",11206
40.70119945,-73.94360052,Broadway Triangle,"21 Thornton St, Brooklyn, NY 11206, USA",11206
40.67700058,-73.92000211,Ocean Hill,"1927 Atlantic Ave, Brooklyn, NY 11233, USA",11233
40.72959982,-73.94399701,Greenpoint,"296 N Henry St, Brooklyn, NY 11222, USA",11222
40.67940127,-73.94959997,Bedford-Stuyvesant,"523 Nostrand Ave, Brooklyn, NY 11216, USA",11216
40.64239851,-73.97579789,Kensington,"399 E 4th St, Brooklyn, NY 11218, USA",11218
40.64239851,-73.97579789,Kensington,"399 E 4th St, Brooklyn, NY 11218, USA",11218
40.64239851,-73.97579789,Kensington,"399 E 4th St, Brooklyn, NY 11218, USA",11218
40.64670143,-73.95700143,Flatbush,"2131 Tilden Ave, Brooklyn, NY 11226, USA",11226
40.72719856,-73.94980222,Greenpoint,"141 1/2 McGuinness Blvd, Brooklyn, NY 11222, USA",11222
40.67703438,-73.8786592,East New York,"842 Liberty Ave, Brooklyn, NY 11208, USA",11208
40.69130619,-73.94698155,Bedford-Stuyvesant,"199 Kosciuszko St, Brooklyn, NY 11216, USA",11216
40.67759703,-73.91222937,Ocean Hill,"1246 Herkimer St, Brooklyn, NY 11233, USA",11233
40.70439942,-73.94129208,Southside,"91-95 Humboldt St, Brooklyn, NY 11206, USA",11206
40.67696277,-73.95149073,Crown Heights,"1151-1153 Dean St, Brooklyn, NY 11216, USA",11216
40.68088695,-73.91407658,Ocean Hill,"118 Thomas S Boyland St, Brooklyn, NY 11233, USA",11233
40.6917806,-73.92215529,Bushwick,"1002 Bushwick Ave, Brooklyn, NY 11221, USA",11221
40.69069828,-73.92739957,Bedford-Stuyvesant,"51 Patchen Ave, Brooklyn, NY 11221, USA",11221
40.60306725,-73.99264113,Bensonhurst,"8405 Bay Pkwy, Brooklyn, NY 11214, USA",11214
40.64403087,-73.99796906,Sunset Park,"872 43rd St, Brooklyn, NY 11232, USA",11232
40.67050152,-73.89399957,East New York,"363 New Jersey Ave, Brooklyn, NY 11207, USA",11207
40.66280039,-73.9545973,Prospect Lefferts Gardens,"194 Sterling St, Brooklyn, NY 11225, USA",11225
40.69299985,-73.92700308,Bushwick,"1115 Lafayette Ave, Brooklyn, NY 11221, USA",11221
40.73665179,-73.95451537,Greenpoint,"40 Clay St, Brooklyn, NY 11222, USA",11222
40.69001188,-73.93064366,Bedford-Stuyvesant,"106 Malcolm X Blvd, Brooklyn, NY 11221, USA",11221
40.67940127,-73.94959997,Bedford-Stuyvesant,"523 Nostrand Ave, Brooklyn, NY 11216, USA",11216
40.70447161,-73.92610182,Bushwick,"306 Jefferson St, Brooklyn, NY 11237, USA",11237
40.67736212,-73.90797458,Ocean Hill,"1370 Herkimer St, Brooklyn, NY 11233, USA",11233
40.71010952,-73.96658415,Southside,"419 Wythe Ave, Brooklyn, NY 11249, USA",11249
40.68600232,-73.99122764,Boerum Hill,"166 Smith St, Brooklyn, NY 11201, USA",11201
40.60159876,-73.9968008,Bath Beach,"68 Bay 28th St, Brooklyn, NY 11214, USA",11214
40.64070141,-73.90279734,Canarsie,"1210 E 93rd St, Brooklyn, NY 11236, USA",11236
40.68392592,-73.96390672,Clinton Hill,"216 St James Pl, Brooklyn, NY 11238, USA",11238
40.66118179,-73.95696075,Prospect Lefferts Gardens,"177 Lincoln Rd, Brooklyn, NY 11225, USA",11225
40.69069828,-73.92739957,Bedford-Stuyvesant,"51 Patchen Ave, Brooklyn, NY 11221, USA",11221
40.6983106,-73.92556209,Bushwick,"1307-1309 Myrtle Ave, Brooklyn, NY 11221, USA",11221
40.65259945,-73.94980222,Little Haiti,"248 Linden Blvd, Brooklyn, NY 11226, USA",11226
40.66689876,-73.98279886,Park Slope,"509 10th St, Brooklyn, NY 11215, USA",11215
40.68200021,-73.9891988,Gowanus,"160 Douglass St, Brooklyn, NY 11217, USA",11217
40.5978986,-73.97430247,Gravesend,"254 Lake St, Brooklyn, NY 11223, USA",11223
40.65049899,-73.93489901,Little Caribbean,"455 E 45th St, Brooklyn, NY 11203, USA",11203
40.69239882,-73.9665979,Clinton Hill,"215 Washington Ave, Brooklyn, NY 11205, USA",11205
40.7114892,-73.95223557,Williamsburg,"150 Hope St, Brooklyn, NY 11211, USA",11211
40.66118179,-73.95696075,Prospect Lefferts Gardens,"177 Lincoln Rd, Brooklyn, NY 11225, USA",11225
40.70904095,-73.89845317,Ridgewood,"65-86 Fresh Pond Rd, Ridgewood, NY 11385, USA",11385
40.70949817,-73.95629784,Southside,"286 S 3rd St, Brooklyn, NY 11211, USA",11211
40.67872175,-73.95298557,Bedford-Stuyvesant,"1305 Bedford Ave, Brooklyn, NY 11216, USA",11216
40.72765291,-73.95485685,Greenpoint,"153 Calyer St, Brooklyn, NY 11222, USA",11222
40.69341066,-73.9250705,Bushwick,"10 Harman St, Brooklyn, NY 11221, USA",11221
40.69419905,-73.95999972,Bedford-Stuyvesant,"599 Myrtle Ave, Brooklyn, NY 11205, USA",11205
40.71886603,-73.95644165,Williamsburg,"147 Bedford Ave, Brooklyn, NY 11211, USA",11211
40.67900135,-73.96439832,Prospect Heights,"650-652 Washington Ave, Brooklyn, NY 11238, USA",11238
40.69321529,-73.92886806,Bedford-Stuyvesant,"1154 Broadway, Brooklyn, NY 11221, USA",11221
40.57701658,-73.9641869,Brighton Beach,"Brighton Beach Av/Brighton 3 St, Brooklyn, NY 11235, USA",11235
40.62510092,-74.03030279,Bay Ridge,"8319 3rd Ave, Brooklyn, NY 11209, USA",11209
40.68746737,-73.95303313,Bedford-Stuyvesant,"229 Lexington Ave, Brooklyn, NY 11216, USA",11216
40.69239882,-73.9665979,Clinton Hill,"215 Washington Ave, Brooklyn, NY 11205, USA",11205
40.6677009,-73.95400315,Crown Heights,"1077 Carroll St, Brooklyn, NY 11225, USA",11225
40.67940127,-73.94959997,Bedford-Stuyvesant,"523 Nostrand Ave, Brooklyn, NY 11216, USA",11216
40.64670143,-73.95700143,Flatbush,"2131 Tilden Ave, Brooklyn, NY 11226, USA",11226
40.67940127,-74.00139535,Carroll Gardens,"4 3rd Pl, Brooklyn, NY 11231, USA",11231
40.68408348,-73.9537774,Bedford-Stuyvesant,"1153 Bedford Ave, Brooklyn, NY 11216, USA",11216
40.60109972,-73.94750065,Madison,"2041 E 24th St, Brooklyn, NY 11229, USA",11229
40.67896067,-73.96510879,Prospect Heights,"61 Underhill Ave, Brooklyn, NY 11238, USA",11238
40.66689876,-73.98279886,Park Slope,"509 10th St, Brooklyn, NY 11215, USA",11215
40.66689876,-73.98279886,Park Slope,"509 10th St, Brooklyn, NY 11215, USA",11215
40.69677736,-73.97264261,Fort Greene,"40 Adelphi St, Brooklyn, NY 11205, USA",11205
40.69069828,-73.92739957,Bedford-Stuyvesant,"51 Patchen Ave, Brooklyn, NY 11221, USA",11221
40.61020115,-74.08779739,Park Hill,"35 Pierce St, Staten Island, NY 10304, USA",10304
40.66999961,-73.93670211,Crown Heights,"276 Troy Ave, Brooklyn, NY 11213, USA",11213
40.70119945,-73.94360052,Broadway Triangle,"21 Thornton St, Brooklyn, NY 11206, USA",11206
40.67940127,-74.00139535,Carroll Gardens,"4 3rd Pl, Brooklyn, NY 11231, USA",11231
40.69419905,-73.95999972,Bedford-Stuyvesant,"599 Myrtle Ave, Brooklyn, NY 11205, USA",11205
40.70938244,-73.93709803,East Williamsburg,"286 Scholes St, Brooklyn, NY 11206, USA",11206
40.66999961,-73.93670211,Crown Heights,"276 Troy Ave, Brooklyn, NY 11213, USA",11213
40.69400081,-73.99029888,Downtown Brooklyn,"Borough Hall, Brooklyn, NY 11201, USA",11201
40.69982321,-73.95386621,Williamsburg,"264 Lee Ave, Brooklyn, NY 11206, USA",11206
40.6605057,-73.96281409,Little Caribbean,"Ocean Av/Lincoln Rd, Brooklyn, NY 11225, USA",11225
40.67756036,-73.962083,Crown Heights,"577 Grand Ave, Brooklyn, NY 11238, USA",11238
40.69400081,-73.99029888,Downtown Brooklyn,"Borough Hall, Brooklyn, NY 11201, USA",11201
40.70949817,-73.95629784,Southside,"286 S 3rd St, Brooklyn, NY 11211, USA",11211
40.64670143,-73.95700143,Flatbush,"2131 Tilden Ave, Brooklyn, NY 11226, USA",11226
40.69450272,-73.94613472,Bedford-Stuyvesant,"147 Tompkins Ave, Brooklyn, NY 11206, USA",11206
40.70949817,-73.95629784,Southside,"286 S 3rd St, Brooklyn, NY 11211, USA",11211
40.68487875,-73.92310296,Bedford-Stuyvesant,"Halsey St/Ralph Av, Brooklyn, NY 11233, USA",11233
40.71189944,-73.79440174,Jamaica,"87-03 168th Pl, Jamaica, NY 11432, USA",11432
40.72780016,-73.86019735,Flushing,"64-85 Booth St, Flushing, NY 11374, USA",11374
40.77060126,-73.92649773,Long Island City,"21-12 28th Ave, Long Island City, NY 11102, USA",11102
40.71420101,-73.76770305,Jamaica,"90-06 193rd St, Jamaica, NY 11423, USA",11423
40.77769276,-73.9199133,Astoria,"23-41 21st St, Astoria, NY 11105, USA",11105
40.74360177,-73.92160066,Sunnyside,"44-37 43rd St, Sunnyside, NY 11104, USA",11104
40.74360177,-73.92160066,Sunnyside,"44-37 43rd St, Sunnyside, NY 11104, USA",11104
40.74360177,-73.92160066,Sunnyside,"44-37 43rd St, Sunnyside, NY 11104, USA",11104
40.76269902,-73.91489992,Astoria,"30-30 41st St, Astoria, NY 11103, USA",11103
40.76670113,-73.82409986,Flushing,"34-02 Parsons Blvd, Flushing, NY 11354, USA",11354
40.69280906,-73.85695957,Woodhaven,"87-11 Jamaica Ave, Woodhaven, NY 11421, USA",11421
40.67574695,-73.79156732,Jamaica,"146-20 123rd Ave, Jamaica, NY 11436, USA",11436
40.69346108,-73.85979399,Jamaica,"84-56 86th Ave, Jamaica, NY 11421, USA",11421
40.6927403,-73.84922807,Jamaica,"87-61 95th St, Jamaica, NY 11421, USA",11421
40.69247732,-73.85623592,Jamaica,"87-26 Jamaica Ave, Jamaica, NY 11421, USA",11421
40.69329607,-73.86044315,Jamaica,"84-19 86th Rd, Jamaica, NY 11421, USA",11421
40.72144091,-73.74432294,Queens Village,"92-06 215th St, Queens Village, NY 11428, USA",11428
40.73510137,-73.87760037,Elmhurst,"86-44 54th Ave, Elmhurst, NY 11373, USA",11373
40.66450093,-73.75590012,Jamaica,"144-31 222nd St, Jamaica, NY 11413, USA",11413
40.74499807,-73.906902,Woodside,"40-26 58th St, Woodside, NY 11377, USA",11377
40.68518643,-73.8325825,South Richmond Hill,"103-18 110th St, South Richmond Hill, NY 11419, USA",11419
40.76269902,-73.91489992,Astoria,"30-30 41st St, Astoria, NY 11103, USA",11103
40.76269902,-73.91489992,Astoria,"30-30 41st St, Astoria, NY 11103, USA",11103
40.76269902,-73.91489992,Astoria,"30-30 41st St, Astoria, NY 11103, USA",11103
40.73800053,-73.87799686,Elmhurst,"51-15 Reeder St, Elmhurst, NY 11373, USA",11373
40.69069828,-73.92739957,Bedford-Stuyvesant,"51 Patchen Ave, Brooklyn, NY 11221, USA",11221
40.70049987,-73.90259909,Ridgewood,"57-29 Myrtle Ave, Ridgewood, NY 11385, USA",11385
40.76000097,-73.91000285,Long Island City,"30-43 47th St, Long Island City, NY 11103, USA",11103
40.70360072,-73.89609659,Flushing,"60-86 Catalpa Ave, Flushing, NY 11385, USA",11385
40.71729842,-73.87919892,Flushing,"75-11 Furmanville Ave, Flushing, NY 11379, USA",11379
40.72289908,-73.84730179,Forest Hills,"106-06 Queens Blvd, Forest Hills, NY 11375, USA",11375
40.75199904,-73.88300336,Jackson Heights,"35 Av/84 St, Queens, NY 11372, USA",11372
40.76990053,-73.91759111,Astoria,"31-20 Astoria Blvd, Astoria, NY 11102, USA",11102
40.71189944,-73.79440174,Jamaica,"87-03 168th Pl, Jamaica, NY 11432, USA",11432
40.73510137,-73.87760037,Elmhurst,"86-44 54th Ave, Elmhurst, NY 11373, USA",11373
40.76269902,-73.91489992,Astoria,"30-30 41st St, Astoria, NY 11103, USA",11103
40.75360103,-73.82259699,Flushing,"44-10 Kissena Blvd, Flushing, NY 11355, USA",11355
40.72289908,-73.84730179,Forest Hills,"106-06 Queens Blvd, Forest Hills, NY 11375, USA",11375
40.73510137,-73.87760037,Elmhurst,"86-44 54th Ave, Elmhurst, NY 11373, USA",11373
40.72026634,-73.86254017,Rego Park,"86-15 65th Dr, Rego Park, NY 11374, USA",11374
40.76269902,-73.91489992,Astoria,"30-30 41st St, Astoria, NY 11103, USA",11103
40.69580047,-73.76169903,Jamaica,"190-34 Dormans Rd, Jamaica, NY 11412, USA",11412
40.76269902,-73.91489992,Astoria,"30-30 41st St, Astoria, NY 11103, USA",11103
40.69580047,-73.76169903,Jamaica,"190-34 Dormans Rd, Jamaica, NY 11412, USA",11412
40.73510137,-73.87760037,Elmhurst,"86-44 54th Ave, Elmhurst, NY 11373, USA",11373
40.71189944,-73.79440174,Jamaica,"87-03 168th Pl, Jamaica, NY 11432, USA",11432
40.69293855,-73.75772385,St. Albans,"Linden blvd, 194th St, St. Albans, NY 11412, USA",11412
40.67690146,-73.84480197,Jamaica,"107-65 92nd St, Jamaica, NY 11417, USA",11417
40.69293855,-73.75772385,St. Albans,"Linden blvd, 194th St, St. Albans, NY 11412, USA",11412
40.76424601,-73.92761787,Astoria,"31-51 Crescent St, Astoria, NY 11106, USA",11106
40.77630104,-73.91100037,Astoria,"29- 26 Ditmars Blvd, Astoria, NY 11105, USA",11105
40.67630043,-73.79660133,Jamaica,"120-01 143rd St, Jamaica, NY 11436, USA",11436
40.70080354,-73.9073598,Ridgewood,"17-02 Madison St, Ridgewood, NY 11385, USA",11385
40.68510106,-73.90729792,Bushwick,"726 Chauncey St Apt 1, Brooklyn, NY 11207, USA",11207
40.68510106,-73.90729792,Bushwick,"726 Chauncey St Apt 1, Brooklyn, NY 11207, USA",11207
40.66499998,-73.74999866,Jamaica,"227-24 143rd Rd, Jamaica, NY 11413, USA",11413
40.76079967,-73.9295029,Astoria,"28-03 34th Ave, Astoria, NY 11106, USA",11106
40.69019981,-73.94539675,Bedford-Stuyvesant,"Tompkins Ave/Lafayette Av, Brooklyn, NY 11216, USA",11216
40.76193355,-73.91009166,Long Island City,"28-54 46th St, Long Island City, NY 11103, USA",11103
40.75680443,-73.87365957,Jackson Heights,"Junction Blvd, Jackson Heights, NY 11372, USA",11372
40.75859378,-73.87451327,East Elmhurst,"32-1 Junction Blvd, East Elmhurst, NY 11369, USA",11369
40.74421942,-73.87756657,Elmhurst,"42-22 Hampton St, Elmhurst, NY 11373, USA",11373
40.74360177,-73.92160066,Sunnyside,"44-37 43rd St, Sunnyside, NY 11104, USA",11104
40.74871026,-73.92871737,Long Island City,"40-36 Honeywell St, Long Island City, NY 11101, USA",11101
40.74032961,-73.8120328,Flushing,"59-11 156th St, Flushing, NY 11355, USA",11355
40.74053472,-73.81229006,Flushing,"155-18 59th Ave, Flushing, NY 11355, USA",11355
40.69820116,-73.83450191,Jamaica,"114-06 Jamaica Ave, Jamaica, NY 11418, USA",11418
40.76110047,-73.89160231,Flushing,"25-48 77th St, Flushing, NY 11370, USA",11370
40.70595328,-73.90253779,Ridgewood,"66- 59 Forest Ave, Ridgewood, NY 11385, USA",11385
40.69820116,-73.83450191,Jamaica,"114-06 Jamaica Ave, Jamaica, NY 11418, USA",11418
40.76585086,-73.91756418,Long Island City,"28-41 35th St, Long Island City, NY 11103, USA",11103
40.77439882,-73.92670285,Long Island City,"25-45 18th St, Long Island City, NY 11102, USA",11102
40.74830747,-73.89525664,Jackson Heights,"37- 1 70th St, Jackson Heights, NY 11372, USA",11372
40.59385638,-73.75910353,Far Rockaway,"159 A B 26th St, Far Rockaway, NY 11691, USA",11691
40.69129932,-73.75590012,Jamaica,"118-23 195th St, Jamaica, NY 11412, USA",11412
40.69820116,-73.83450191,Jamaica,"114-06 Jamaica Ave, Jamaica, NY 11418, USA",11418
40.67630043,-73.79660133,Jamaica,"120-01 143rd St, Jamaica, NY 11436, USA",11436
40.71464162,-73.74292263,Queens Village,"216- 9 99th Ave, Queens Village, NY 11429, USA",11429
40.76269902,-73.91489992,Astoria,"30-30 41st St, Astoria, NY 11103, USA",11103
40.69714234,-73.891698,Glendale,"78-01 64th St, Glendale, NY 11385, USA",11385
40.74360177,-73.92160066,Sunnyside,"44-37 43rd St, Sunnyside, NY 11104, USA",11104
40.69346108,-73.85979399,Jamaica,"84-56 86th Ave, Jamaica, NY 11421, USA",11421
40.74499807,-73.906902,Woodside,"40-26 58th St, Woodside, NY 11377, USA",11377
40.77060126,-73.92649773,Long Island City,"21-12 28th Ave, Long Island City, NY 11102, USA",11102
40.73510137,-73.87760037,Elmhurst,"86-44 54th Ave, Elmhurst, NY 11373, USA",11373
40.73510137,-73.87760037,Elmhurst,"86-44 54th Ave, Elmhurst, NY 11373, USA",11373
40.71189944,-73.79440174,Jamaica,"87-03 168th Pl, Jamaica, NY 11432, USA",11432
40.70155812,-73.90063213,Flushing,"58-50 69th Ave, Flushing, NY 11385, USA",11385
40.76059856,-73.79679957,Flushing,"40-08 170th St, Flushing, NY 11358, USA",11358
40.69820116,-73.83450191,Jamaica,"114-06 Jamaica Ave, Jamaica, NY 11418, USA",11418
40.72079805,-73.74329849,Queens Village,"92-33 215th Pl, Queens Village, NY 11428, USA",11428
40.7025247,-73.83696105,Jamaica,"84-00 114th St, Jamaica, NY 11418, USA",11418
40.72337407,-73.8778943,Flushing,"61-70 80th St, Flushing, NY 11379, USA",11379
40.72506085,-73.90578875,Maspeth,"60-06 56th Ave, Maspeth, NY 11378, USA",11378
40.67900135,-73.96439832,Prospect Heights,"650-652 Washington Ave, Brooklyn, NY 11238, USA",11238
40.70360072,-73.89609659,Flushing,"60-86 Catalpa Ave, Flushing, NY 11385, USA",11385
40.67749905,-73.77580353,Jamaica,"163- 27 130th Ave, Jamaica, NY 11434, USA",11434
40.72780016,-73.86019735,Flushing,"64-85 Booth St, Flushing, NY 11374, USA",11374
40.75360103,-73.82259699,Flushing,"44-10 Kissena Blvd, Flushing, NY 11355, USA",11355
40.72079805,-73.74329849,Queens Village,"92-33 215th Pl, Queens Village, NY 11428, USA",11428
40.76269902,-73.91489992,Astoria,"30-30 41st St, Astoria, NY 11103, USA",11103
40.75360103,-73.82259699,Flushing,"44-10 Kissena Blvd, Flushing, NY 11355, USA",11355
40.69129932,-73.85850311,Jamaica,"87-19 85th St, Jamaica, NY 11421, USA",11421
40.69293855,-73.75772385,St. Albans,"Linden blvd, 194th St, St. Albans, NY 11412, USA",11412
40.70360072,-73.89609659,Flushing,"60-86 Catalpa Ave, Flushing, NY 11385, USA",11385
40.71729842,-73.87919892,Flushing,"75-11 Furmanville Ave, Flushing, NY 11379, USA",11379
40.73935672,-73.86895329,Flushing,"52-16 94th St, Flushing, NY 11373, USA",11373
40.76269902,-73.91489992,Astoria,"30-30 41st St, Astoria, NY 11103, USA",11103
40.70479935,-73.78580279,Jamaica,"172- 6 Douglas Ave, Jamaica, NY 11433, USA",11433
40.72780016,-73.86019735,Flushing,"64-85 Booth St, Flushing, NY 11374, USA",11374
40.74499807,-73.906902,Woodside,"40-26 58th St, Woodside, NY 11377, USA",11377
40.75243964,-73.87275773,Flushing,"35-24 95th St, Flushing, NY 11372, USA",11372
40.75909913,-73.73260251,Douglaston,"58-11 246th Crescent, Douglaston, NY 11362, USA",11362
40.73660767,-73.92285716,Woodside,"50-39 43rd St, Woodside, NY 11377, USA",11377
40.70360072,-73.89609659,Flushing,"60-86 Catalpa Ave, Flushing, NY 11385, USA",11385
40.76079967,-73.9295029,Astoria,"28-03 34th Ave, Astoria, NY 11106, USA",11106
40.76079967,-73.9295029,Astoria,"28-03 34th Ave, Astoria, NY 11106, USA",11106
40.75279831,-73.89529732,Flushing,"70-21 34th Ave, Flushing, NY 11372, USA",11372
40.66210024,-73.73530057,Jamaica,"248-02 Memphis Ave, Jamaica, NY 11422, USA",11422
40.72800127,-73.81950302,Flushing,"147-16 71st Rd, Flushing, NY 11367, USA",11367
40.76642096,-73.83766464,Flushing,"132- 2 32nd Ave, Flushing, NY 11354, USA",11354
40.69069828,-73.92739957,Bedford-Stuyvesant,"51 Patchen Ave, Brooklyn, NY 11221, USA",11221
40.67574695,-73.79156732,Jamaica,"146-20 123rd Ave, Jamaica, NY 11436, USA",11436
40.60100747,-73.76667803,Far Rockaway,"31-03 Dwight Ave, Far Rockaway, NY 11691, USA",11691
40.59084091,-73.79793345,Arverne by the Sea,"Beach 67 St, Queens, NY 11692, USA",11692
40.69580047,-73.76169903,Jamaica,"190-34 Dormans Rd, Jamaica, NY 11412, USA",11412
40.69820116,-73.83450191,Jamaica,"114-06 Jamaica Ave, Jamaica, NY 11418, USA",11418
40.69820116,-73.83450191,Jamaica,"114-06 Jamaica Ave, Jamaica, NY 11418, USA",11418
40.76584055,-73.91446333,Astoria,"38-03 28th Ave, Astoria, NY 11101, USA",11101
40.6922997,-73.85809861,Jamaica,"85-22 Jamaica Ave, Jamaica, NY 11421, USA",11421
40.76269902,-73.91489992,Astoria,"30-30 41st St, Astoria, NY 11103, USA",11103
40.76269902,-73.91489992,Astoria,"30-30 41st St, Astoria, NY 11103, USA",11103
40.74360177,-73.92160066,Sunnyside,"44-37 43rd St, Sunnyside, NY 11104, USA",11104
40.76670113,-73.82409986,Flushing,"34-02 Parsons Blvd, Flushing, NY 11354, USA",11354
40.77630104,-73.91100037,Astoria,"29- 26 Ditmars Blvd, Astoria, NY 11105, USA",11105
40.77630104,-73.91100037,Astoria,"29- 26 Ditmars Blvd, Astoria, NY 11105, USA",11105
40.76670113,-73.82409986,Flushing,"34-02 Parsons Blvd, Flushing, NY 11354, USA",11354
40.76079967,-73.9295029,Astoria,"28-03 34th Ave, Astoria, NY 11106, USA",11106
40.76276721,-73.91259835,Astoria,"30 Av/43 St, Queens, NY 11103, USA",11103
40.75129888,-73.88300336,Jackson Heights,"35-34 84th St, Jackson Heights, NY 11372, USA",11372
40.66210024,-73.73530057,Jamaica,"248-02 Memphis Ave, Jamaica, NY 11422, USA",11422
40.75709779,-73.91500936,Long Island City,"32- 1 45th St, Long Island City, NY 11101, USA",11101
40.76110047,-73.89160231,Flushing,"25-48 77th St, Flushing, NY 11370, USA",11370
40.76250937,-73.96797759,Lenox Hill,"59 St, E 60th St, New York, NY 10065, USA",10065
40.59229908,-73.79330224,Arverne,"3-35 B 64 St, Arverne, NY 11692, USA",11692
40.69580047,-73.76169903,Jamaica,"190-34 Dormans Rd, Jamaica, NY 11412, USA",11412
40.75360103,-73.82259699,Flushing,"44-10 Kissena Blvd, Flushing, NY 11355, USA",11355
40.69999968,-73.8309977,Richmond Hill,"85-67 116th St #2, Richmond Hill, NY 11418, USA",11418
40.69999968,-73.8309977,Richmond Hill,"85-67 116th St #2, Richmond Hill, NY 11418, USA",11418
40.75129888,-73.88300336,Jackson Heights,"35-34 84th St, Jackson Heights, NY 11372, USA",11372
40.69604971,-73.76975883,Jamaica,"114-05 180th St, Jamaica, NY 11434, USA",11434
40.74529887,-73.86109861,Flushing,"102-19 47th Ave, Flushing, NY 11368, USA",11368
40.76670113,-73.82409986,Flushing,"34-02 Parsons Blvd, Flushing, NY 11354, USA",11354
40.75360103,-73.82259699,Flushing,"44-10 Kissena Blvd, Flushing, NY 11355, USA",11355
40.73200052,-73.98999807,East Village,"93 4th Ave #1062, New York, NY 10003, USA",10003
40.76079967,-73.9295029,Astoria,"28-03 34th Ave, Astoria, NY 11106, USA",11106
40.69580047,-73.76169903,Jamaica,"190-34 Dormans Rd, Jamaica, NY 11412, USA",11412
40.69580047,-73.76169903,Jamaica,"190-34 Dormans Rd, Jamaica, NY 11412, USA",11412
40.69689998,-73.78770157,Jamaica,"164-37 108th Dr, Jamaica, NY 11433, USA",11433
40.72756754,-73.84704052,Forest Hills,"67-66 108th St, Forest Hills, NY 11375, USA",11375
40.69734746,-73.89079616,Flushing,"77-24 64th Pl, Flushing, NY 11385, USA",11385
40.72978775,-74.00499009,South Village,"10 7th Ave S, New York, NY 10014, USA",10014
40.71464162,-73.74292263,Queens Village,"216- 9 99th Ave, Queens Village, NY 11429, USA",11429
40.71189944,-73.79440174,Jamaica,"87-03 168th Pl, Jamaica, NY 11432, USA",11432
40.67440164,-73.81899767,Jamaica,"116-60 120th St, Jamaica, NY 11420, USA",11420
40.67700058,-73.92000211,Ocean Hill,"1927 Atlantic Ave, Brooklyn, NY 11233, USA",11233
40.67099999,-73.89499709,East New York,"395 Belmont Ave, Brooklyn, NY 11207, USA",11207
40.76670113,-73.82409986,Flushing,"34-02 Parsons Blvd, Flushing, NY 11354, USA",11354
40.7199283,-73.85165971,Flushing,"68-29 Dartmouth St, Flushing, NY 11375, USA",11375
40.78894737,-73.95222698,East Harlem,"68 E 99th St, New York, NY 10029, USA",10029
40.76979854,-73.90888272,Astoria,"40-20 23rd Rd, Astoria, NY 11105, USA",11105
40.67649466,-73.8460791,Ozone Park,"Sutter Av/91 St, Queens, NY 11417, USA",11417
40.68419922,-73.41710216,Amity Harbor,"365 Broadway unit 2A, Amityville, NY 11701, USA",11701
40.7622991,-73.52299736,,"169 Jerusalem Ave, Hicksville, NY 11801, USA",11801
40.67749905,-73.77580353,Jamaica,"163- 27 130th Ave, Jamaica, NY 11434, USA",11434
40.63949935,-73.92500174,East Flatbush,"5364 Kings Hwy, Brooklyn, NY 11234, USA",11234
40.67700058,-73.92000211,Ocean Hill,"1927 Atlantic Ave, Brooklyn, NY 11233, USA",11233
40.75360103,-73.82259699,Flushing,"44-10 Kissena Blvd, Flushing, NY 11355, USA",11355
40.75129888,-73.88300336,Jackson Heights,"35-34 84th St, Jackson Heights, NY 11372, USA",11372
40.77630104,-73.91100037,Astoria,"29- 26 Ditmars Blvd, Astoria, NY 11105, USA",11105
40.76269902,-73.91489992,Astoria,"30-30 41st St, Astoria, NY 11103, USA",11103
40.70059842,-73.91800134,Bushwick,"212-220 Irving Ave, Brooklyn, NY 11237, USA",11237
40.70327585,-73.9060208,Ridgewood,"18-51 Woodbine St, Ridgewood, NY 11385, USA",11385
40.74499807,-73.906902,Woodside,"40-26 58th St, Woodside, NY 11377, USA",11377
40.66210024,-73.73530057,Jamaica,"248-02 Memphis Ave, Jamaica, NY 11422, USA",11422
40.7855016,-73.84500022,College Point,"123-01 14th Ave, College Point, NY 11356, USA",11356
40.73510137,-73.87760037,Elmhurst,"86-44 54th Ave, Elmhurst, NY 11373, USA",11373
40.72879367,-74.00334341,South Village,"1 Bedford St, New York, NY 10014, USA",10014
40.74360177,-73.92160066,Sunnyside,"44-37 43rd St, Sunnyside, NY 11104, USA",11104
40.70969985,-73.87449952,Middle Village,"78-01 69th Ave, Middle Village, NY 11379, USA",11379
40.71729842,-73.87919892,Flushing,"75-11 Furmanville Ave, Flushing, NY 11379, USA",11379
40.71158489,-73.8734682,Flushing,"67-57 79th St, Flushing, NY 11379, USA",11379
40.59863772,-73.76426703,Far Rockaway,"29-22 Gerson Ct, Far Rockaway, NY 11691, USA",11691
40.70335148,-73.80022987,Jamaica,"Parsons Blvd/Jamaica Av, Queens, NY 11432, USA",11432
40.74459871,-73.9345031,Long Island City,"31-10 Thomson Ave, Long Island City, NY 11101, USA",11101
40.6886597,-73.87382343,Cypress Hills,"23 Crescent St., Brooklyn, NY 11208, USA",11208
40.74183935,-73.88100202,Elmhurst,"82-62 Broadway, Elmhurst, NY 11373, USA",11373
40.77060126,-73.92649773,Long Island City,"21-12 28th Ave, Long Island City, NY 11102, USA",11102
40.76535927,-73.92185334,Long Island City,"30-50 32nd St, Long Island City, NY 11102, USA",11102
40.59229908,-73.79330224,Arverne,"3-35 B 64 St, Arverne, NY 11692, USA",11692
40.73154616,-73.87492294,Elmhurst,"86-05 58th Ave, Elmhurst, NY 11373, USA",11373
40.69689998,-73.78770157,Jamaica,"164-37 108th Dr, Jamaica, NY 11433, USA",11433
40.73510137,-73.87760037,Elmhurst,"86-44 54th Ave, Elmhurst, NY 11373, USA",11373
40.72800127,-73.81950302,Flushing,"147-16 71st Rd, Flushing, NY 11367, USA",11367
40.75450916,-73.82714571,Flushing,"138-1 Franklin Ave, Flushing, NY 11355, USA",11355
40.6638999,-73.76460163,Springfield Gardens,"145-62 181st St, Springfield Gardens, NY 11413, USA",11413
40.75129888,-73.88300336,Jackson Heights,"35-34 84th St, Jackson Heights, NY 11372, USA",11372
40.73993484,-73.87848845,Elmhurst,"84- 8 A Broadway, Elmhurst, NY 11373, USA",11373
40.70689924,-73.82970053,Jamaica,"84-50 Beverly Rd, Jamaica, NY 11415, USA",11415
40.70689924,-73.82970053,Jamaica,"84-50 Beverly Rd, Jamaica, NY 11415, USA",11415
40.768255,-73.77834288,Bayside,"Corporal Kennedy St & 34 Rd, 20925 35th Ave, Bayside, NY 11361, USA",11361
40.74360177,-73.92160066,Sunnyside,"44-37 43rd St, Sunnyside, NY 11104, USA",11104
40.77630104,-73.91100037,Astoria,"29- 26 Ditmars Blvd, Astoria, NY 11105, USA",11105
40.78399873,-73.84199849,College Point,"15-35 126th St, College Point, NY 11356, USA",11356
40.76900958,-73.91194289,Astoria,"3724 Astoria Blvd S, Astoria, NY 11103, USA",11103
40.67630043,-73.79660133,Jamaica,"120-01 143rd St, Jamaica, NY 11436, USA",11436
40.67630043,-73.79660133,Jamaica,"120-01 143rd St, Jamaica, NY 11436, USA",11436
40.7644368,-73.87357763,Flushing,"24-60 96th St, Flushing, NY 11369, USA",11369
40.68378956,-73.76718395,Rochdale Village,"15 Troutville Rd, Rochdale, NY 11434, USA",11434
40.77042708,-73.92363581,Astoria,"27-02 Crescent St, Astoria, NY 11102, USA",11102
40.76341579,-73.92842402,Astoria,"46-41 Broadway, Astoria, NY 11103, USA",11103
40.73246805,-73.88631563,Elmhurst,"52-60 79th St, Elmhurst, NY 11373, USA",11373
40.59229908,-73.79330224,Arverne,"3-35 B 64 St, Arverne, NY 11692, USA",11692
40.67749905,-73.77580353,Jamaica,"163- 27 130th Ave, Jamaica, NY 11434, USA",11434
40.67749905,-73.77580353,Jamaica,"163- 27 130th Ave, Jamaica, NY 11434, USA",11434
40.76701225,-73.92349945,Astoria,"30-18 29th St, Astoria, NY 11102, USA",11102
40.74279963,-73.84969904,Corona,"Fantasy Forest Amusement Park, 53-51 111th St, Corona, NY 11368, USA",11368
40.74279963,-73.84969904,Corona,"Fantasy Forest Amusement Park, 53-51 111th St, Corona, NY 11368, USA",11368
40.71189944,-73.79440174,Jamaica,"87-03 168th Pl, Jamaica, NY 11432, USA",11432
40.76079967,-73.9295029,Astoria,"28-03 34th Ave, Astoria, NY 11106, USA",11106
40.73666554,-73.92284284,Woodside,"50-37 43rd St, Woodside, NY 11377, USA",11377
40.6886597,-73.87382343,Cypress Hills,"23 Crescent St., Brooklyn, NY 11208, USA",11208
40.7742997,-73.90429963,Astoria,"21-19 Steinway St, Astoria, NY 11105, USA",11105
40.75489878,-73.87559903,Jackson Heights,"33-45 92nd St, Jackson Heights, NY 11372, USA",11372
40.70290056,-73.81110174,Jamaica,"144-12 89th Ave, Jamaica, NY 11435, USA",11435
40.70290056,-73.81110174,Jamaica,"144-12 89th Ave, Jamaica, NY 11435, USA",11435
40.76269902,-73.91489992,Astoria,"30-30 41st St, Astoria, NY 11103, USA",11103
40.71549188,-73.89953892,Flushing,"62-13 Eliot Ave, Flushing, NY 11379, USA",11379
40.67630043,-73.79660133,Jamaica,"120-01 143rd St, Jamaica, NY 11436, USA",11436
40.67630043,-73.79660133,Jamaica,"120-01 143rd St, Jamaica, NY 11436, USA",11436
40.76099447,-73.82442072,Flushing,"143-1 Roosevelt Ave, Flushing, NY 11354, USA",11354
40.76129871,-73.87389849,Flushing,"26-51 95th St, Flushing, NY 11369, USA",11369
40.74360177,-73.92160066,Sunnyside,"44-37 43rd St, Sunnyside, NY 11104, USA",11104
40.76129871,-73.87389849,Flushing,"26-51 95th St, Flushing, NY 11369, USA",11369
40.71189944,-73.79440174,Jamaica,"87-03 168th Pl, Jamaica, NY 11432, USA",11432
40.70360072,-73.89609659,Flushing,"60-86 Catalpa Ave, Flushing, NY 11385, USA",11385
40.73510137,-73.87760037,Elmhurst,"86-44 54th Ave, Elmhurst, NY 11373, USA",11373
40.74529887,-73.86109861,Flushing,"102-19 47th Ave, Flushing, NY 11368, USA",11368
40.80123101,-73.95769815,Central Harlem,"285 W 111th St, New York, NY 10026, USA",10026
40.73716401,-73.86404935,Corona,"57 Av/97 St, Queens, NY 11368, USA",11368
40.69734058,-73.90719593,Bushwick,"1524 Jefferson Ave, Brooklyn, NY 11237, USA",11237
40.76269902,-73.91489992,Astoria,"30-30 41st St, Astoria, NY 11103, USA",11103
40.72289908,-73.84730179,Forest Hills,"106-06 Queens Blvd, Forest Hills, NY 11375, USA",11375
40.78509824,-73.80959887,Flushing,"15-68 Clintonville St, Flushing, NY 11357, USA",11357
40.6868016,-73.82299978,South Richmond Hill,"120-09 Liberty Ave, South Richmond Hill, NY 11419, USA",11419
40.72719856,-73.79490136,Flushing,"75-24 175th St, Flushing, NY 11366, USA",11366
40.73655954,-73.92390911,Long Island City,"50-46 42nd St, Long Island City, NY 11104, USA",11104
40.73655954,-73.92390911,Long Island City,"50-46 42nd St, Long Island City, NY 11104, USA",11104
40.7855016,-73.84500022,College Point,"123-01 14th Ave, College Point, NY 11356, USA",11356
40.76269902,-73.91489992,Astoria,"30-30 41st St, Astoria, NY 11103, USA",11103
40.68639881,-73.87320177,Cypress Hills,"120 Crescent St., Brooklyn, NY 11208, USA",11208
40.67749905,-73.77580353,Jamaica,"163- 27 130th Ave, Jamaica, NY 11434, USA",11434
40.67749905,-73.77580353,Jamaica,"163- 27 130th Ave, Jamaica, NY 11434, USA",11434
40.77444982,-73.91845169,Astoria,"25-17 24th Ave, Astoria, NY 11105, USA",11105
40.77444982,-73.91845169,Astoria,"25-17 24th Ave, Astoria, NY 11105, USA",11105
40.74360177,-73.92160066,Sunnyside,"44-37 43rd St, Sunnyside, NY 11104, USA",11104
40.70360072,-73.89609659,Flushing,"60-86 Catalpa Ave, Flushing, NY 11385, USA",11385
40.74529887,-73.86109861,Flushing,"102-19 47th Ave, Flushing, NY 11368, USA",11368
40.76509628,-73.92506362,Astoria,"29-08 31st Ave, Astoria, NY 11106, USA",11106
40.73826352,-73.92631324,Sunnyside,"49-95 39th Pl, Sunnyside, NY 11104, USA",11104
40.73763212,-73.86898079,Elmhurst,"92-40 55th Ave, Elmhurst, NY 11373, USA",11373
40.70360072,-73.89609659,Flushing,"60-86 Catalpa Ave, Flushing, NY 11385, USA",11385
40.72780016,-73.86019735,Flushing,"64-85 Booth St, Flushing, NY 11374, USA",11374
40.73800053,-73.87799686,Elmhurst,"51-15 Reeder St, Elmhurst, NY 11373, USA",11373
40.69689998,-73.78770157,Jamaica,"164-37 108th Dr, Jamaica, NY 11433, USA",11433
40.76670113,-73.91250267,Astoria,"2551A Steinway St, Astoria, NY 11103, USA",11103
40.73510137,-73.87760037,Elmhurst,"86-44 54th Ave, Elmhurst, NY 11373, USA",11373
40.66210024,-73.73530057,Jamaica,"248-02 Memphis Ave, Jamaica, NY 11422, USA",11422
40.69800006,-73.87999763,Glendale,"M4W9+WH, Queens, NY 11385, USA",11385
40.75129888,-73.88300336,Jackson Heights,"35-34 84th St, Jackson Heights, NY 11372, USA",11372
40.73510137,-73.87760037,Elmhurst,"86-44 54th Ave, Elmhurst, NY 11373, USA",11373
40.72780016,-73.86019735,Flushing,"64-85 Booth St, Flushing, NY 11374, USA",11374
40.73472092,-73.87614678,Elmhurst,"87-09 55th Rd, Elmhurst, NY 11373, USA",11373
40.81791038,-73.9342636,Central Harlem,"2445 5th Ave, New York, NY 10037, USA",10037
40.65580286,-73.92330808,East Flatbush,"406 Remsen Ave, Brooklyn, NY 11212, USA",11212
40.6969991,-73.76199983,St. Albans,"Farmers Blvd/114 Rd, Queens, NY 11412, USA",11412
40.74459871,-73.9345031,Long Island City,"31-10 Thomson Ave, Long Island City, NY 11101, USA",11101
40.76850079,-73.95879766,Lenox Hill,"1357 2nd Ave, New York, NY 10021, USA",10021
40.77060126,-73.92649773,Long Island City,"21-12 28th Ave, Long Island City, NY 11102, USA",11102
40.72780016,-73.86019735,Flushing,"64-85 Booth St, Flushing, NY 11374, USA",11374
40.76269902,-73.91489992,Astoria,"30-30 41st St, Astoria, NY 11103, USA",11103
40.72780016,-73.86019735,Flushing,"64-85 Booth St, Flushing, NY 11374, USA",11374
40.74529887,-73.86109861,Flushing,"102-19 47th Ave, Flushing, NY 11368, USA",11368
40.72780016,-73.86019735,Flushing,"64-85 Booth St, Flushing, NY 11374, USA",11374
40.74529887,-73.86109861,Flushing,"102-19 47th Ave, Flushing, NY 11368, USA",11368
40.76010009,-73.87100276,Flushing,"31-24 98th St, Flushing, NY 11369, USA",11369
40.74499807,-73.906902,Woodside,"40-26 58th St, Woodside, NY 11377, USA",11377
40.74326659,-73.97388593,Kips Bay,"550 1st Ave Msb563, New York, NY 10016, USA",10016
40.74529887,-73.86109861,Flushing,"102-19 47th Ave, Flushing, NY 11368, USA",11368
40.69939979,-73.90240085,Flushing,"9-70 Seneca Ave, Flushing, NY 11385, USA",11385
40.7317954,-73.85779952,Rego Park,"63-33 98th Pl, Rego Park, NY 11374, USA",11374
40.60060124,-73.75799715,Far Rockaway,"6-20 Grassmere Terrace, Far Rockaway, NY 11691, USA",11691
40.77590169,-73.90960006,Astoria,"21-71 32nd St, Astoria, NY 11105, USA",11105
40.60060124,-73.75799715,Far Rockaway,"6-20 Grassmere Terrace, Far Rockaway, NY 11691, USA",11691
40.76670113,-73.82409986,Flushing,"34-02 Parsons Blvd, Flushing, NY 11354, USA",11354
40.76269902,-73.91489992,Astoria,"30-30 41st St, Astoria, NY 11103, USA",11103
40.75360103,-73.82259699,Flushing,"44-10 Kissena Blvd, Flushing, NY 11355, USA",11355
40.70360072,-73.89609659,Flushing,"60-86 Catalpa Ave, Flushing, NY 11385, USA",11385
40.74529887,-73.86109861,Flushing,"102-19 47th Ave, Flushing, NY 11368, USA",11368
40.72399916,-73.86200045,Rego Park,"27 Boelsen Crescent, Rego Park, NY 11374, USA",11374
40.76269902,-73.91489992,Astoria,"30-30 41st St, Astoria, NY 11103, USA",11103
40.66210024,-73.73530057,Jamaica,"248-02 Memphis Ave, Jamaica, NY 11422, USA",11422
40.74529887,-73.86109861,Flushing,"102-19 47th Ave, Flushing, NY 11368, USA",11368
40.76269902,-73.91489992,Astoria,"30-30 41st St, Astoria, NY 11103, USA",11103
40.76110047,-73.89160231,Flushing,"25-48 77th St, Flushing, NY 11370, USA",11370
40.72930246,-73.86284728,Rego Park,"63-66 Saunders St, Rego Park, NY 11374, USA",11374
40.72930246,-73.86284728,Rego Park,"63-66 Saunders St, Rego Park, NY 11374, USA",11374
40.73510137,-73.87760037,Elmhurst,"86-44 54th Ave, Elmhurst, NY 11373, USA",11373
40.74499807,-73.906902,Woodside,"40-26 58th St, Woodside, NY 11377, USA",11377
40.76269902,-73.91489992,Astoria,"30-30 41st St, Astoria, NY 11103, USA",11103
40.77502392,-73.92662436,Astoria,"25-26 18th St, Astoria, NY 11102, USA",11102
40.7089722,-73.91565852,Ridgewood,"3-02 Onderdonk Ave, Ridgewood, NY 11385, USA",11385
40.69689998,-73.78770157,Jamaica,"164-37 108th Dr, Jamaica, NY 11433, USA",11433
40.70360072,-73.89609659,Flushing,"60-86 Catalpa Ave, Flushing, NY 11385, USA",11385
40.71404058,-73.82028855,Jamaica,"138-10 Hoover Ave, Jamaica, NY 11435, USA",11435
40.73510137,-73.87760037,Elmhurst,"86-44 54th Ave, Elmhurst, NY 11373, USA",11373
40.67749905,-73.77580353,Jamaica,"163- 27 130th Ave, Jamaica, NY 11434, USA",11434
40.69129932,-73.85850311,Jamaica,"87-19 85th St, Jamaica, NY 11421, USA",11421
40.70853675,-73.91373281,Ridgewood,"1865F Stockholm St, Ridgewood, NY 11385, USA",11385
40.74400112,-73.91899829,Sunnyside,"45-30 46th St, Sunnyside, NY 11104, USA",11104
40.67175802,-73.85336024,Ozone Park,"9-15 N Conduit Ave, Ozone Park, NY 11417, USA",11417
40.66210024,-73.73530057,Jamaica,"248-02 Memphis Ave, Jamaica, NY 11422, USA",11422
40.74340009,-73.90259909,Flushing,"40-39 62nd St, Flushing, NY 11377, USA",11377
40.69529856,-73.90729792,Bushwick,"363 Weirfield St, Brooklyn, NY 11237, USA",11237
40.71420101,-73.76770305,Jamaica,"90-06 193rd St, Jamaica, NY 11423, USA",11423
40.75129888,-73.88300336,Jackson Heights,"35-34 84th St, Jackson Heights, NY 11372, USA",11372
40.73371481,-73.89326217,Flushing,"51-70 71st St, Flushing, NY 11377, USA",11377
40.59300268,-73.76035201,Far Rockaway,"52 B 28 St, Far Rockaway, NY 11691, USA",11691
40.66450093,-73.75590012,Jamaica,"144-31 222nd St, Jamaica, NY 11413, USA",11413
40.74732084,-73.92451014,Sunnyside,"41- 1 39th Pl, Sunnyside, NY 11104, USA",11104
40.68373513,-73.85158408,Jamaica,"97-31 89th St, Jamaica, NY 11416, USA",11416
40.69129932,-73.85850311,Jamaica,"87-19 85th St, Jamaica, NY 11421, USA",11421
40.57660004,-73.84280063,Rockaway Park,"1-59 Beach 123rd St, Rockaway Park, NY 11694, USA",11694
40.72800127,-73.81950302,Flushing,"147-16 71st Rd, Flushing, NY 11367, USA",11367
40.71386526,-73.76114555,Jamaica,"90-81 198th St, Jamaica, NY 11423, USA",11423
40.66450093,-73.75590012,Jamaica,"144-31 222nd St, Jamaica, NY 11413, USA",11413
40.72780016,-73.86019735,Flushing,"64-85 Booth St, Flushing, NY 11374, USA",11374
40.76199887,-73.91199732,Astoria,"30-09 44th St, Astoria, NY 11103, USA",11103